id,dexNum,methodCount,classification,unknownScopeMethodCount
"bulbasaur","1","0","single_record","0"
"ivysaur","2","0","single_record","0"
"venusaur","3","5","modeled","0"
"venusaur-f","3","5","modeled","0"
"venusaur-gmax","3","1","modeled","0"
"venusaur-mega","3","3","modeled","0"
"charmander","4","0","single_record","0"
"charmeleon","5","0","single_record","0"
"charizard","6","8","modeled","0"
"charizard-gmax","6","1","modeled","0"
"charizard-mega-x","6","3","modeled","0"
"charizard-mega-y","6","3","modeled","0"
"squirtle","7","0","single_record","0"
"wartortle","8","0","single_record","0"
"blastoise","9","5","modeled","0"
"blastoise-gmax","9","1","modeled","0"
"blastoise-mega","9","3","modeled","0"
"caterpie","10","0","single_record","0"
"metapod","11","0","single_record","0"
"butterfree","12","2","modeled","0"
"butterfree-f","12","2","modeled","0"
"butterfree-gmax","12","1","modeled","0"
"weedle","13","0","single_record","0"
"kakuna","14","0","single_record","0"
"beedrill","15","3","modeled","0"
"beedrill-mega","15","3","modeled","0"
"pidgey","16","0","single_record","0"
"pidgeotto","17","0","single_record","0"
"pidgeot","18","3","modeled","0"
"pidgeot-mega","18","3","modeled","0"
"rattata","19","0","classified_fixed","0"
"rattata-alola","19","0","classified_fixed","0"
"rattata-f","19","0","classified_fixed","0"
"raticate","20","0","classified_fixed","0"
"raticate-alola","20","0","classified_fixed","0"
"raticate-f","20","0","classified_fixed","0"
"spearow","21","0","single_record","0"
"fearow","22","0","single_record","0"
"ekans","23","0","single_record","0"
"arbok","24","0","single_record","0"
"pikachu","25","2","modeled","0"
"pikachu-alola","25","0","classified_fixed","0"
"pikachu-f","25","2","modeled","0"
"pikachu-gmax","25","1","modeled","0"
"pikachu-hoenn","25","0","classified_fixed","0"
"pikachu-kalos","25","0","classified_fixed","0"
"pikachu-original","25","0","classified_fixed","0"
"pikachu-partner","25","0","classified_fixed","0"
"pikachu-sinnoh","25","0","classified_fixed","0"
"pikachu-unova","25","0","classified_fixed","0"
"pikachu-world","25","0","classified_fixed","0"
"raichu","26","2","modeled","0"
"raichu-alola","26","0","classified_fixed","0"
"raichu-f","26","2","modeled","0"
"raichu-mega-x","26","1","modeled","0"
"raichu-mega-y","26","1","modeled","0"
"sandshrew","27","0","classified_fixed","0"
"sandshrew-alola","27","0","classified_fixed","0"
"sandslash","28","0","classified_fixed","0"
"sandslash-alola","28","0","classified_fixed","0"
"nidoranf","29","0","single_record","0"
"nidorina","30","0","single_record","0"
"nidoqueen","31","0","single_record","0"
"nidoranm","32","0","single_record","0"
"nidorino","33","0","single_record","0"
"nidoking","34","0","single_record","0"
"clefairy","35","0","single_record","0"
"clefable","36","1","modeled","0"
"clefable-mega","36","1","modeled","0"
"vulpix","37","0","classified_fixed","0"
"vulpix-alola","37","0","classified_fixed","0"
"ninetales","38","0","classified_fixed","0"
"ninetales-alola","38","0","classified_fixed","0"
"jigglypuff","39","0","single_record","0"
"wigglytuff","40","0","single_record","0"
"zubat","41","0","classified_fixed","0"
"zubat-f","41","0","classified_fixed","0"
"golbat","42","0","classified_fixed","0"
"golbat-f","42","0","classified_fixed","0"
"oddish","43","0","single_record","0"
"gloom","44","0","classified_fixed","0"
"gloom-f","44","0","classified_fixed","0"
"vileplume","45","0","classified_fixed","0"
"vileplume-f","45","0","classified_fixed","0"
"paras","46","0","single_record","0"
"parasect","47","0","single_record","0"
"venonat","48","0","single_record","0"
"venomoth","49","0","single_record","0"
"diglett","50","0","classified_fixed","0"
"diglett-alola","50","0","classified_fixed","0"
"dugtrio","51","0","classified_fixed","0"
"dugtrio-alola","51","0","classified_fixed","0"
"meowth","52","2","modeled","0"
"meowth-alola","52","0","classified_fixed","0"
"meowth-galar","52","0","classified_fixed","0"
"meowth-gmax","52","1","modeled","0"
"persian","53","0","classified_fixed","0"
"persian-alola","53","0","classified_fixed","0"
"psyduck","54","0","single_record","0"
"golduck","55","0","single_record","0"
"mankey","56","0","single_record","0"
"primeape","57","0","single_record","0"
"growlithe","58","0","classified_fixed","0"
"growlithe-hisui","58","0","classified_fixed","0"
"arcanine","59","0","classified_fixed","0"
"arcanine-hisui","59","0","classified_fixed","0"
"poliwag","60","0","single_record","0"
"poliwhirl","61","0","single_record","0"
"poliwrath","62","0","single_record","0"
"abra","63","0","single_record","0"
"kadabra","64","0","classified_fixed","0"
"kadabra-f","64","0","classified_fixed","0"
"alakazam","65","3","modeled","0"
"alakazam-f","65","3","modeled","0"
"alakazam-mega","65","3","modeled","0"
"machop","66","0","single_record","0"
"machoke","67","0","single_record","0"
"machamp","68","2","modeled","0"
"machamp-gmax","68","1","modeled","0"
"bellsprout","69","0","single_record","0"
"weepinbell","70","0","single_record","0"
"victreebel","71","1","modeled","0"
"victreebel-mega","71","1","modeled","0"
"tentacool","72","0","single_record","0"
"tentacruel","73","0","single_record","0"
"geodude","74","0","classified_fixed","0"
"geodude-alola","74","0","classified_fixed","0"
"graveler","75","0","classified_fixed","0"
"graveler-alola","75","0","classified_fixed","0"
"golem","76","0","classified_fixed","0"
"golem-alola","76","0","classified_fixed","0"
"ponyta","77","0","classified_fixed","0"
"ponyta-galar","77","0","classified_fixed","0"
"rapidash","78","0","classified_fixed","0"
"rapidash-galar","78","0","classified_fixed","0"
"slowpoke","79","0","classified_fixed","0"
"slowpoke-galar","79","0","classified_fixed","0"
"slowbro","80","3","modeled","0"
"slowbro-galar","80","0","classified_fixed","0"
"slowbro-mega","80","3","modeled","0"
"magnemite","81","0","single_record","0"
"magneton","82","0","single_record","0"
"farfetchd","83","0","classified_fixed","0"
"farfetchd-galar","83","0","classified_fixed","0"
"doduo","84","0","classified_fixed","0"
"doduo-f","84","0","classified_fixed","0"
"dodrio","85","0","classified_fixed","0"
"dodrio-f","85","0","classified_fixed","0"
"seel","86","0","single_record","0"
"dewgong","87","0","single_record","0"
"grimer","88","0","classified_fixed","0"
"grimer-alola","88","0","classified_fixed","0"
"muk","89","0","classified_fixed","0"
"muk-alola","89","0","classified_fixed","0"
"shellder","90","0","single_record","0"
"cloyster","91","0","single_record","0"
"gastly","92","0","single_record","0"
"haunter","93","0","single_record","0"
"gengar","94","5","modeled","0"
"gengar-gmax","94","1","modeled","0"
"gengar-mega","94","3","modeled","0"
"onix","95","0","single_record","0"
"drowzee","96","0","single_record","0"
"hypno","97","0","classified_fixed","0"
"hypno-f","97","0","classified_fixed","0"
"krabby","98","0","single_record","0"
"kingler","99","2","modeled","0"
"kingler-gmax","99","1","modeled","0"
"voltorb","100","0","classified_fixed","0"
"voltorb-hisui","100","0","classified_fixed","0"
"electrode","101","0","classified_fixed","0"
"electrode-hisui","101","0","classified_fixed","0"
"exeggcute","102","0","single_record","0"
"exeggutor","103","0","classified_fixed","0"
"exeggutor-alola","103","0","classified_fixed","0"
"cubone","104","0","single_record","0"
"marowak","105","0","classified_fixed","0"
"marowak-alola","105","0","classified_fixed","0"
"hitmonlee","106","0","single_record","0"
"hitmonchan","107","0","single_record","0"
"lickitung","108","0","single_record","0"
"koffing","109","0","single_record","0"
"weezing","110","0","classified_fixed","0"
"weezing-galar","110","0","classified_fixed","0"
"rhyhorn","111","0","classified_fixed","0"
"rhyhorn-f","111","0","classified_fixed","0"
"rhydon","112","0","classified_fixed","0"
"rhydon-f","112","0","classified_fixed","0"
"chansey","113","0","single_record","0"
"tangela","114","0","single_record","0"
"kangaskhan","115","3","modeled","0"
"kangaskhan-mega","115","3","modeled","0"
"horsea","116","0","single_record","0"
"seadra","117","0","single_record","0"
"goldeen","118","0","classified_fixed","0"
"goldeen-f","118","0","classified_fixed","0"
"seaking","119","0","classified_fixed","0"
"seaking-f","119","0","classified_fixed","0"
"staryu","120","0","single_record","0"
"starmie","121","1","modeled","0"
"starmie-mega","121","1","modeled","0"
"mrmime","122","0","classified_fixed","0"
"mrmime-galar","122","0","classified_fixed","0"
"scyther","123","0","classified_fixed","0"
"scyther-f","123","0","classified_fixed","0"
"jynx","124","0","single_record","0"
"electabuzz","125","0","single_record","0"
"magmar","126","0","single_record","0"
"pinsir","127","3","modeled","0"
"pinsir-mega","127","3","modeled","0"
"tauros","128","0","classified_fixed","0"
"tauros-paldea","128","0","classified_fixed","0"
"tauros-paldea-fire","128","0","classified_fixed","0"
"tauros-paldea-water","128","0","classified_fixed","0"
"magikarp","129","0","classified_fixed","0"
"magikarp-f","129","0","classified_fixed","0"
"gyarados","130","3","modeled","0"
"gyarados-f","130","3","modeled","0"
"gyarados-mega","130","3","modeled","0"
"lapras","131","2","modeled","0"
"lapras-gmax","131","1","modeled","0"
"ditto","132","0","single_record","0"
"eevee","133","2","modeled","0"
"eevee-f","133","2","modeled","0"
"eevee-gmax","133","1","modeled","0"
"vaporeon","134","0","single_record","0"
"jolteon","135","0","single_record","0"
"flareon","136","0","single_record","0"
"porygon","137","0","single_record","0"
"omanyte","138","0","single_record","0"
"omastar","139","0","single_record","0"
"kabuto","140","0","single_record","0"
"kabutops","141","0","single_record","0"
"aerodactyl","142","3","modeled","0"
"aerodactyl-mega","142","3","modeled","0"
"snorlax","143","2","modeled","0"
"snorlax-gmax","143","1","modeled","0"
"articuno","144","0","classified_fixed","0"
"articuno-galar","144","0","classified_fixed","0"
"zapdos","145","0","classified_fixed","0"
"zapdos-galar","145","0","classified_fixed","0"
"moltres","146","0","classified_fixed","0"
"moltres-galar","146","0","classified_fixed","0"
"dratini","147","0","single_record","0"
"dragonair","148","0","single_record","0"
"dragonite","149","1","modeled","0"
"dragonite-mega","149","1","modeled","0"
"mewtwo","150","6","modeled","0"
"mewtwo-mega-x","150","3","modeled","0"
"mewtwo-mega-y","150","3","modeled","0"
"mew","151","0","single_record","0"
"chikorita","152","0","single_record","0"
"bayleef","153","0","single_record","0"
"meganium","154","1","modeled","0"
"meganium-f","154","1","modeled","0"
"meganium-mega","154","1","modeled","0"
"cyndaquil","155","0","single_record","0"
"quilava","156","0","single_record","0"
"typhlosion","157","0","classified_fixed","0"
"typhlosion-hisui","157","0","classified_fixed","0"
"totodile","158","0","single_record","0"
"croconaw","159","0","single_record","0"
"feraligatr","160","1","modeled","0"
"feraligatr-mega","160","1","modeled","0"
"sentret","161","0","single_record","0"
"furret","162","0","single_record","0"
"hoothoot","163","0","single_record","0"
"noctowl","164","0","single_record","0"
"ledyba","165","0","classified_fixed","0"
"ledyba-f","165","0","classified_fixed","0"
"ledian","166","0","classified_fixed","0"
"ledian-f","166","0","classified_fixed","0"
"spinarak","167","0","single_record","0"
"ariados","168","0","single_record","0"
"crobat","169","0","single_record","0"
"chinchou","170","0","single_record","0"
"lanturn","171","0","single_record","0"
"pichu","172","0","single_record","0"
"cleffa","173","0","single_record","0"
"igglybuff","174","0","single_record","0"
"togepi","175","0","single_record","0"
"togetic","176","0","single_record","0"
"natu","177","0","single_record","0"
"xatu","178","0","classified_fixed","0"
"xatu-f","178","0","classified_fixed","0"
"mareep","179","0","single_record","0"
"flaaffy","180","0","single_record","0"
"ampharos","181","2","modeled","0"
"ampharos-mega","181","2","modeled","0"
"bellossom","182","0","single_record","0"
"marill","183","0","single_record","0"
"azumarill","184","0","single_record","0"
"sudowoodo","185","0","classified_fixed","0"
"sudowoodo-f","185","0","classified_fixed","0"
"politoed","186","0","classified_fixed","0"
"politoed-f","186","0","classified_fixed","0"
"hoppip","187","0","single_record","0"
"skiploom","188","0","single_record","0"
"jumpluff","189","0","single_record","0"
"aipom","190","0","classified_fixed","0"
"aipom-f","190","0","classified_fixed","0"
"sunkern","191","0","single_record","0"
"sunflora","192","0","single_record","0"
"yanma","193","0","single_record","0"
"wooper","194","0","classified_fixed","0"
"wooper-f","194","0","classified_fixed","0"
"wooper-paldea","194","0","classified_fixed","0"
"quagsire","195","0","classified_fixed","0"
"quagsire-f","195","0","classified_fixed","0"
"espeon","196","0","single_record","0"
"umbreon","197","0","single_record","0"
"murkrow","198","0","classified_fixed","0"
"murkrow-f","198","0","classified_fixed","0"
"slowking","199","0","classified_fixed","0"
"slowking-galar","199","0","classified_fixed","0"
"misdreavus","200","0","single_record","0"
"unown","201","0","classified_fixed","0"
"unown-b","201","0","classified_fixed","0"
"unown-c","201","0","classified_fixed","0"
"unown-d","201","0","classified_fixed","0"
"unown-e","201","0","classified_fixed","0"
"unown-exclamation","201","0","classified_fixed","0"
"unown-f","201","0","classified_fixed","0"
"unown-g","201","0","classified_fixed","0"
"unown-h","201","0","classified_fixed","0"
"unown-i","201","0","classified_fixed","0"
"unown-j","201","0","classified_fixed","0"
"unown-k","201","0","classified_fixed","0"
"unown-l","201","0","classified_fixed","0"
"unown-m","201","0","classified_fixed","0"
"unown-n","201","0","classified_fixed","0"
"unown-o","201","0","classified_fixed","0"
"unown-p","201","0","classified_fixed","0"
"unown-q","201","0","classified_fixed","0"
"unown-question","201","0","classified_fixed","0"
"unown-r","201","0","classified_fixed","0"
"unown-s","201","0","classified_fixed","0"
"unown-t","201","0","classified_fixed","0"
"unown-u","201","0","classified_fixed","0"
"unown-v","201","0","classified_fixed","0"
"unown-w","201","0","classified_fixed","0"
"unown-x","201","0","classified_fixed","0"
"unown-y","201","0","classified_fixed","0"
"unown-z","201","0","classified_fixed","0"
"wobbuffet","202","0","classified_fixed","0"
"wobbuffet-f","202","0","classified_fixed","0"
"girafarig","203","0","classified_fixed","0"
"girafarig-f","203","0","classified_fixed","0"
"pineco","204","0","single_record","0"
"forretress","205","0","single_record","0"
"dunsparce","206","0","single_record","0"
"gligar","207","0","classified_fixed","0"
"gligar-f","207","0","classified_fixed","0"
"steelix","208","2","modeled","0"
"steelix-f","208","2","modeled","0"
"steelix-mega","208","2","modeled","0"
"snubbull","209","0","single_record","0"
"granbull","210","0","single_record","0"
"qwilfish","211","0","classified_fixed","0"
"qwilfish-hisui","211","0","classified_fixed","0"
"scizor","212","2","modeled","0"
"scizor-f","212","2","modeled","0"
"scizor-mega","212","2","modeled","0"
"shuckle","213","0","single_record","0"
"heracross","214","2","modeled","0"
"heracross-f","214","2","modeled","0"
"heracross-mega","214","2","modeled","0"
"sneasel","215","0","classified_fixed","0"
"sneasel-f","215","0","classified_fixed","0"
"sneasel-hisui","215","0","classified_fixed","0"
"sneasel-hisui-f","215","0","classified_fixed","0"
"teddiursa","216","0","single_record","0"
"ursaring","217","0","classified_fixed","0"
"ursaring-f","217","0","classified_fixed","0"
"slugma","218","0","single_record","0"
"magcargo","219","0","single_record","0"
"swinub","220","0","single_record","0"
"piloswine","221","0","classified_fixed","0"
"piloswine-f","221","0","classified_fixed","0"
"corsola","222","0","classified_fixed","0"
"corsola-galar","222","0","classified_fixed","0"
"remoraid","223","0","single_record","0"
"octillery","224","0","classified_fixed","0"
"octillery-f","224","0","classified_fixed","0"
"delibird","225","0","single_record","0"
"mantine","226","0","single_record","0"
"skarmory","227","1","modeled","0"
"skarmory-mega","227","1","modeled","0"
"houndour","228","0","single_record","0"
"houndoom","229","2","modeled","0"
"houndoom-f","229","2","modeled","0"
"houndoom-mega","229","2","modeled","0"
"kingdra","230","0","single_record","0"
"phanpy","231","0","single_record","0"
"donphan","232","0","classified_fixed","0"
"donphan-f","232","0","classified_fixed","0"
"porygon2","233","0","single_record","0"
"stantler","234","0","single_record","0"
"smeargle","235","0","single_record","0"
"tyrogue","236","0","single_record","0"
"hitmontop","237","0","single_record","0"
"smoochum","238","0","single_record","0"
"elekid","239","0","single_record","0"
"magby","240","0","single_record","0"
"miltank","241","0","single_record","0"
"blissey","242","0","single_record","0"
"raikou","243","0","single_record","0"
"entei","244","0","single_record","0"
"suicune","245","0","single_record","0"
"larvitar","246","0","single_record","0"
"pupitar","247","0","single_record","0"
"tyranitar","248","2","modeled","0"
"tyranitar-mega","248","2","modeled","0"
"lugia","249","0","single_record","0"
"hooh","250","0","single_record","0"
"celebi","251","0","single_record","0"
"treecko","252","0","single_record","0"
"grovyle","253","0","single_record","0"
"sceptile","254","2","modeled","0"
"sceptile-mega","254","2","modeled","0"
"torchic","255","0","classified_fixed","0"
"torchic-f","255","0","classified_fixed","0"
"combusken","256","0","classified_fixed","0"
"combusken-f","256","0","classified_fixed","0"
"blaziken","257","2","modeled","0"
"blaziken-f","257","2","modeled","0"
"blaziken-mega","257","2","modeled","0"
"mudkip","258","0","single_record","0"
"marshtomp","259","0","single_record","0"
"swampert","260","2","modeled","0"
"swampert-mega","260","2","modeled","0"
"poochyena","261","0","single_record","0"
"mightyena","262","0","single_record","0"
"zigzagoon","263","0","classified_fixed","0"
"zigzagoon-galar","263","0","classified_fixed","0"
"linoone","264","0","classified_fixed","0"
"linoone-galar","264","0","classified_fixed","0"
"wurmple","265","0","single_record","0"
"silcoon","266","0","single_record","0"
"beautifly","267","0","classified_fixed","0"
"beautifly-f","267","0","classified_fixed","0"
"cascoon","268","0","single_record","0"
"dustox","269","0","classified_fixed","0"
"dustox-f","269","0","classified_fixed","0"
"lotad","270","0","single_record","0"
"lombre","271","0","single_record","0"
"ludicolo","272","0","classified_fixed","0"
"ludicolo-f","272","0","classified_fixed","0"
"seedot","273","0","single_record","0"
"nuzleaf","274","0","classified_fixed","0"
"nuzleaf-f","274","0","classified_fixed","0"
"shiftry","275","0","classified_fixed","0"
"shiftry-f","275","0","classified_fixed","0"
"taillow","276","0","single_record","0"
"swellow","277","0","single_record","0"
"wingull","278","0","single_record","0"
"pelipper","279","0","single_record","0"
"ralts","280","0","single_record","0"
"kirlia","281","0","single_record","0"
"gardevoir","282","2","modeled","0"
"gardevoir-mega","282","2","modeled","0"
"surskit","283","0","single_record","0"
"masquerain","284","0","single_record","0"
"shroomish","285","0","single_record","0"
"breloom","286","0","single_record","0"
"slakoth","287","0","single_record","0"
"vigoroth","288","0","single_record","0"
"slaking","289","0","single_record","0"
"nincada","290","0","single_record","0"
"ninjask","291","0","single_record","0"
"shedinja","292","0","single_record","0"
"whismur","293","0","single_record","0"
"loudred","294","0","single_record","0"
"exploud","295","0","single_record","0"
"makuhita","296","0","single_record","0"
"hariyama","297","0","single_record","0"
"azurill","298","0","single_record","0"
"nosepass","299","0","single_record","0"
"skitty","300","0","single_record","0"
"delcatty","301","0","single_record","0"
"sableye","302","2","modeled","0"
"sableye-mega","302","2","modeled","0"
"mawile","303","2","modeled","0"
"mawile-mega","303","2","modeled","0"
"aron","304","0","single_record","0"
"lairon","305","0","single_record","0"
"aggron","306","2","modeled","0"
"aggron-mega","306","2","modeled","0"
"meditite","307","0","classified_fixed","0"
"meditite-f","307","0","classified_fixed","0"
"medicham","308","2","modeled","0"
"medicham-f","308","2","modeled","0"
"medicham-mega","308","2","modeled","0"
"electrike","309","0","single_record","0"
"manectric","310","2","modeled","0"
"manectric-mega","310","2","modeled","0"
"plusle","311","0","single_record","0"
"minun","312","0","single_record","0"
"volbeat","313","0","single_record","0"
"illumise","314","0","single_record","0"
"roselia","315","0","classified_fixed","0"
"roselia-f","315","0","classified_fixed","0"
"gulpin","316","0","classified_fixed","0"
"gulpin-f","316","0","classified_fixed","0"
"swalot","317","0","classified_fixed","0"
"swalot-f","317","0","classified_fixed","0"
"carvanha","318","0","single_record","0"
"sharpedo","319","2","modeled","0"
"sharpedo-mega","319","2","modeled","0"
"wailmer","320","0","single_record","0"
"wailord","321","0","single_record","0"
"numel","322","0","classified_fixed","0"
"numel-f","322","0","classified_fixed","0"
"camerupt","323","2","modeled","0"
"camerupt-f","323","2","modeled","0"
"camerupt-mega","323","2","modeled","0"
"torkoal","324","0","single_record","0"
"spoink","325","0","single_record","0"
"grumpig","326","0","single_record","0"
"spinda","327","0","single_record","0"
"trapinch","328","0","single_record","0"
"vibrava","329","0","single_record","0"
"flygon","330","0","single_record","0"
"cacnea","331","0","single_record","0"
"cacturne","332","0","classified_fixed","0"
"cacturne-f","332","0","classified_fixed","0"
"swablu","333","0","single_record","0"
"altaria","334","2","modeled","0"
"altaria-mega","334","2","modeled","0"
"zangoose","335","0","single_record","0"
"seviper","336","0","single_record","0"
"lunatone","337","0","single_record","0"
"solrock","338","0","single_record","0"
"barboach","339","0","single_record","0"
"whiscash","340","0","single_record","0"
"corphish","341","0","single_record","0"
"crawdaunt","342","0","single_record","0"
"baltoy","343","0","single_record","0"
"claydol","344","0","single_record","0"
"lileep","345","0","single_record","0"
"cradily","346","0","single_record","0"
"anorith","347","0","single_record","0"
"armaldo","348","0","single_record","0"
"feebas","349","0","single_record","0"
"milotic","350","0","classified_fixed","0"
"milotic-f","350","0","classified_fixed","0"
"castform","351","4","modeled","3"
"castform-rainy","351","1","modeled","1"
"castform-snowy","351","1","modeled","1"
"castform-sunny","351","1","modeled","1"
"kecleon","352","0","single_record","0"
"shuppet","353","0","single_record","0"
"banette","354","2","modeled","0"
"banette-mega","354","2","modeled","0"
"duskull","355","0","single_record","0"
"dusclops","356","0","single_record","0"
"tropius","357","0","single_record","0"
"chimecho","358","1","modeled","0"
"chimecho-mega","358","1","modeled","0"
"absol","359","3","modeled","0"
"absol-mega","359","2","modeled","0"
"absol-mega-z","359","1","modeled","0"
"wynaut","360","0","single_record","0"
"snorunt","361","0","single_record","0"
"glalie","362","2","modeled","0"
"glalie-mega","362","2","modeled","0"
"spheal","363","0","single_record","0"
"sealeo","364","0","single_record","0"
"walrein","365","0","single_record","0"
"clamperl","366","0","single_record","0"
"huntail","367","0","single_record","0"
"gorebyss","368","0","single_record","0"
"relicanth","369","0","classified_fixed","0"
"relicanth-f","369","0","classified_fixed","0"
"luvdisc","370","0","single_record","0"
"bagon","371","0","single_record","0"
"shelgon","372","0","single_record","0"
"salamence","373","2","modeled","0"
"salamence-mega","373","2","modeled","0"
"beldum","374","0","single_record","0"
"metang","375","0","single_record","0"
"metagross","376","2","modeled","0"
"metagross-mega","376","2","modeled","0"
"regirock","377","0","single_record","0"
"regice","378","0","single_record","0"
"registeel","379","0","single_record","0"
"latias","380","2","modeled","0"
"latias-mega","380","2","modeled","0"
"latios","381","2","modeled","0"
"latios-mega","381","2","modeled","0"
"kyogre","382","3","modeled","0"
"kyogre-primal","382","2","modeled","0"
"groudon","383","3","modeled","0"
"groudon-primal","383","2","modeled","0"
"rayquaza","384","2","modeled","0"
"rayquaza-mega","384","2","modeled","0"
"jirachi","385","0","single_record","0"
"deoxys","386","11","modeled","0"
"deoxys-attack","386","8","modeled","0"
"deoxys-defense","386","8","modeled","0"
"deoxys-speed","386","8","modeled","0"
"turtwig","387","0","single_record","0"
"grotle","388","0","single_record","0"
"torterra","389","0","single_record","0"
"chimchar","390","0","single_record","0"
"monferno","391","0","single_record","0"
"infernape","392","0","single_record","0"
"piplup","393","0","single_record","0"
"prinplup","394","0","single_record","0"
"empoleon","395","0","single_record","0"
"starly","396","0","classified_fixed","0"
"starly-f","396","0","classified_fixed","0"
"staravia","397","0","classified_fixed","0"
"staravia-f","397","0","classified_fixed","0"
"staraptor","398","1","modeled","0"
"staraptor-f","398","1","modeled","0"
"staraptor-mega","398","1","modeled","0"
"bidoof","399","0","classified_fixed","0"
"bidoof-f","399","0","classified_fixed","0"
"bibarel","400","0","classified_fixed","0"
"bibarel-f","400","0","classified_fixed","0"
"kricketot","401","0","classified_fixed","0"
"kricketot-f","401","0","classified_fixed","0"
"kricketune","402","0","classified_fixed","0"
"kricketune-f","402","0","classified_fixed","0"
"shinx","403","0","classified_fixed","0"
"shinx-f","403","0","classified_fixed","0"
"luxio","404","0","classified_fixed","0"
"luxio-f","404","0","classified_fixed","0"
"luxray","405","0","classified_fixed","0"
"luxray-f","405","0","classified_fixed","0"
"budew","406","0","single_record","0"
"roserade","407","0","classified_fixed","0"
"roserade-f","407","0","classified_fixed","0"
"cranidos","408","0","single_record","0"
"rampardos","409","0","single_record","0"
"shieldon","410","0","single_record","0"
"bastiodon","411","0","single_record","0"
"burmy","412","3","modeled","0"
"burmy-sandy","412","7","modeled","0"
"burmy-trash","412","3","modeled","0"
"wormadam","413","0","classified_fixed","0"
"wormadam-sandy","413","0","classified_fixed","0"
"wormadam-trash","413","0","classified_fixed","0"
"mothim","414","0","single_record","0"
"combee","415","0","classified_fixed","0"
"combee-f","415","0","classified_fixed","0"
"vespiquen","416","0","single_record","0"
"pachirisu","417","0","classified_fixed","0"
"pachirisu-f","417","0","classified_fixed","0"
"buizel","418","0","classified_fixed","0"
"buizel-f","418","0","classified_fixed","0"
"floatzel","419","0","classified_fixed","0"
"floatzel-f","419","0","classified_fixed","0"
"cherubi","420","0","single_record","0"
"cherrim","421","5","modeled","3"
"cherrim-sunshine","421","5","modeled","1"
"shellos","422","0","classified_fixed","0"
"shellos-east","422","0","classified_fixed","0"
"gastrodon","423","0","classified_fixed","0"
"gastrodon-east","423","0","classified_fixed","0"
"ambipom","424","0","classified_fixed","0"
"ambipom-f","424","0","classified_fixed","0"
"drifloon","425","0","single_record","0"
"drifblim","426","0","single_record","0"
"buneary","427","0","single_record","0"
"lopunny","428","2","modeled","0"
"lopunny-mega","428","2","modeled","0"
"mismagius","429","0","single_record","0"
"honchkrow","430","0","single_record","0"
"glameow","431","0","single_record","0"
"purugly","432","0","single_record","0"
"chingling","433","0","single_record","0"
"stunky","434","0","single_record","0"
"skuntank","435","0","single_record","0"
"bronzor","436","0","single_record","0"
"bronzong","437","0","single_record","0"
"bonsly","438","0","single_record","0"
"mimejr","439","0","single_record","0"
"happiny","440","0","single_record","0"
"chatot","441","0","single_record","0"
"spiritomb","442","0","single_record","0"
"gible","443","0","classified_fixed","0"
"gible-f","443","0","classified_fixed","0"
"gabite","444","0","classified_fixed","0"
"gabite-f","444","0","classified_fixed","0"
"garchomp","445","3","modeled","0"
"garchomp-f","445","3","modeled","0"
"garchomp-mega","445","2","modeled","0"
"garchomp-mega-z","445","1","modeled","0"
"munchlax","446","0","single_record","0"
"riolu","447","0","single_record","0"
"lucario","448","3","modeled","0"
"lucario-mega","448","2","modeled","0"
"lucario-mega-z","448","1","modeled","0"
"hippopotas","449","0","classified_fixed","0"
"hippopotas-f","449","0","classified_fixed","0"
"hippowdon","450","0","classified_fixed","0"
"hippowdon-f","450","0","classified_fixed","0"
"skorupi","451","0","single_record","0"
"drapion","452","0","single_record","0"
"croagunk","453","0","classified_fixed","0"
"croagunk-f","453","0","classified_fixed","0"
"toxicroak","454","0","classified_fixed","0"
"toxicroak-f","454","0","classified_fixed","0"
"carnivine","455","0","single_record","0"
"finneon","456","0","classified_fixed","0"
"finneon-f","456","0","classified_fixed","0"
"lumineon","457","0","classified_fixed","0"
"lumineon-f","457","0","classified_fixed","0"
"mantyke","458","0","single_record","0"
"snover","459","0","classified_fixed","0"
"snover-f","459","0","classified_fixed","0"
"abomasnow","460","2","modeled","0"
"abomasnow-f","460","2","modeled","0"
"abomasnow-mega","460","2","modeled","0"
"weavile","461","0","classified_fixed","0"
"weavile-f","461","0","classified_fixed","0"
"magnezone","462","0","single_record","0"
"lickilicky","463","0","single_record","0"
"rhyperior","464","0","classified_fixed","0"
"rhyperior-f","464","0","classified_fixed","0"
"tangrowth","465","0","classified_fixed","0"
"tangrowth-f","465","0","classified_fixed","0"
"electivire","466","0","single_record","0"
"magmortar","467","0","single_record","0"
"togekiss","468","0","single_record","0"
"yanmega","469","0","single_record","0"
"leafeon","470","0","single_record","0"
"glaceon","471","0","single_record","0"
"gliscor","472","0","single_record","0"
"mamoswine","473","0","classified_fixed","0"
"mamoswine-f","473","0","classified_fixed","0"
"porygonz","474","0","single_record","0"
"gallade","475","2","modeled","0"
"gallade-mega","475","2","modeled","0"
"probopass","476","0","single_record","0"
"dusknoir","477","0","single_record","0"
"froslass","478","1","modeled","0"
"froslass-mega","478","1","modeled","0"
"rotom","479","13","modeled","0"
"rotom-fan","479","10","modeled","0"
"rotom-frost","479","10","modeled","0"
"rotom-heat","479","10","modeled","0"
"rotom-mow","479","10","modeled","0"
"rotom-wash","479","10","modeled","0"
"uxie","480","0","single_record","0"
"mesprit","481","0","single_record","0"
"azelf","482","0","single_record","0"
"dialga","483","3","modeled","0"
"dialga-origin","483","2","modeled","0"
"palkia","484","3","modeled","0"
"palkia-origin","484","2","modeled","0"
"heatran","485","1","modeled","0"
"heatran-mega","485","1","modeled","0"
"regigigas","486","0","single_record","0"
"giratina","487","5","modeled","0"
"giratina-origin","487","4","modeled","0"
"cresselia","488","0","single_record","0"
"phione","489","0","single_record","0"
"manaphy","490","0","single_record","0"
"darkrai","491","1","modeled","0"
"darkrai-mega","491","1","modeled","0"
"shaymin","492","11","modeled","0"
"shaymin-sky","492","2","modeled","0"
"arceus","493","7","modeled","0"
"arceus-bug","493","5","modeled","0"
"arceus-dark","493","5","modeled","0"
"arceus-dragon","493","5","modeled","0"
"arceus-electric","493","5","modeled","0"
"arceus-fairy","493","4","modeled","0"
"arceus-fighting","493","5","modeled","0"
"arceus-fire","493","5","modeled","0"
"arceus-flying","493","5","modeled","0"
"arceus-ghost","493","5","modeled","0"
"arceus-grass","493","5","modeled","0"
"arceus-ground","493","5","modeled","0"
"arceus-ice","493","5","modeled","0"
"arceus-legendary","493","2","modeled","0"
"arceus-poison","493","5","modeled","0"
"arceus-psychic","493","5","modeled","0"
"arceus-rock","493","5","modeled","0"
"arceus-steel","493","5","modeled","0"
"arceus-water","493","5","modeled","0"
"victini","494","0","single_record","0"
"snivy","495","0","single_record","0"
"servine","496","0","single_record","0"
"serperior","497","0","single_record","0"
"tepig","498","0","single_record","0"
"pignite","499","0","single_record","0"
"emboar","500","1","modeled","0"
"emboar-mega","500","1","modeled","0"
"oshawott","501","0","single_record","0"
"dewott","502","0","single_record","0"
"samurott","503","0","classified_fixed","0"
"samurott-hisui","503","0","classified_fixed","0"
"patrat","504","0","single_record","0"
"watchog","505","0","single_record","0"
"lillipup","506","0","single_record","0"
"herdier","507","0","single_record","0"
"stoutland","508","0","single_record","0"
"purrloin","509","0","single_record","0"
"liepard","510","0","single_record","0"
"pansage","511","0","single_record","0"
"simisage","512","0","single_record","0"
"pansear","513","0","single_record","0"
"simisear","514","0","single_record","0"
"panpour","515","0","single_record","0"
"simipour","516","0","single_record","0"
"munna","517","0","single_record","0"
"musharna","518","0","single_record","0"
"pidove","519","0","single_record","0"
"tranquill","520","0","single_record","0"
"unfezant","521","0","classified_fixed","0"
"unfezant-f","521","0","classified_fixed","0"
"blitzle","522","0","single_record","0"
"zebstrika","523","0","single_record","0"
"roggenrola","524","0","single_record","0"
"boldore","525","0","single_record","0"
"gigalith","526","0","single_record","0"
"woobat","527","0","single_record","0"
"swoobat","528","0","single_record","0"
"drilbur","529","0","single_record","0"
"excadrill","530","1","modeled","0"
"excadrill-mega","530","1","modeled","0"
"audino","531","2","modeled","0"
"audino-mega","531","2","modeled","0"
"timburr","532","0","single_record","0"
"gurdurr","533","0","single_record","0"
"conkeldurr","534","0","single_record","0"
"tympole","535","0","single_record","0"
"palpitoad","536","0","single_record","0"
"seismitoad","537","0","single_record","0"
"throh","538","0","single_record","0"
"sawk","539","0","single_record","0"
"sewaddle","540","0","single_record","0"
"swadloon","541","0","single_record","0"
"leavanny","542","0","single_record","0"
"venipede","543","0","single_record","0"
"whirlipede","544","0","single_record","0"
"scolipede","545","1","modeled","0"
"scolipede-mega","545","1","modeled","0"
"cottonee","546","0","single_record","0"
"whimsicott","547","0","single_record","0"
"petilil","548","0","single_record","0"
"lilligant","549","0","classified_fixed","0"
"lilligant-hisui","549","0","classified_fixed","0"
"basculin","550","0","classified_fixed","0"
"basculin-blue-striped","550","0","classified_fixed","0"
"basculin-white-striped","550","0","classified_fixed","0"
"sandile","551","0","single_record","0"
"krokorok","552","0","single_record","0"
"krookodile","553","0","single_record","0"
"darumaka","554","0","classified_fixed","0"
"darumaka-galar","554","0","classified_fixed","0"
"darmanitan","555","3","modeled","2"
"darmanitan-galar","555","2","modeled","2"
"darmanitan-galar-zen","555","1","modeled","1"
"darmanitan-zen","555","1","modeled","1"
"maractus","556","0","single_record","0"
"dwebble","557","0","single_record","0"
"crustle","558","0","single_record","0"
"scraggy","559","0","single_record","0"
"scrafty","560","1","modeled","0"
"scrafty-mega","560","1","modeled","0"
"sigilyph","561","0","single_record","0"
"yamask","562","0","classified_fixed","0"
"yamask-galar","562","0","classified_fixed","0"
"cofagrigus","563","0","single_record","0"
"tirtouga","564","0","single_record","0"
"carracosta","565","0","single_record","0"
"archen","566","0","single_record","0"
"archeops","567","0","single_record","0"
"trubbish","568","0","single_record","0"
"garbodor","569","2","modeled","0"
"garbodor-gmax","569","1","modeled","0"
"zorua","570","0","classified_fixed","0"
"zorua-hisui","570","0","classified_fixed","0"
"zoroark","571","0","classified_fixed","0"
"zoroark-hisui","571","0","classified_fixed","0"
"minccino","572","0","single_record","0"
"cinccino","573","0","single_record","0"
"gothita","574","0","single_record","0"
"gothorita","575","0","single_record","0"
"gothitelle","576","0","single_record","0"
"solosis","577","0","single_record","0"
"duosion","578","0","single_record","0"
"reuniclus","579","0","single_record","0"
"ducklett","580","0","single_record","0"
"swanna","581","0","single_record","0"
"vanillite","582","0","single_record","0"
"vanillish","583","0","single_record","0"
"vanilluxe","584","0","single_record","0"
"deerling","585","4","modeled","0"
"deerling-autumn","585","4","modeled","0"
"deerling-summer","585","3","modeled","0"
"deerling-winter","585","4","modeled","0"
"sawsbuck","586","4","modeled","0"
"sawsbuck-autumn","586","4","modeled","0"
"sawsbuck-summer","586","3","modeled","0"
"sawsbuck-winter","586","4","modeled","0"
"emolga","587","0","single_record","0"
"karrablast","588","0","single_record","0"
"escavalier","589","0","single_record","0"
"foongus","590","0","single_record","0"
"amoonguss","591","0","single_record","0"
"frillish","592","0","classified_fixed","0"
"frillish-f","592","0","classified_fixed","0"
"jellicent","593","0","classified_fixed","0"
"jellicent-f","593","0","classified_fixed","0"
"alomomola","594","0","single_record","0"
"joltik","595","0","single_record","0"
"galvantula","596","0","single_record","0"
"ferroseed","597","0","single_record","0"
"ferrothorn","598","0","single_record","0"
"klink","599","0","single_record","0"
"klang","600","0","single_record","0"
"klinklang","601","0","single_record","0"
"tynamo","602","0","single_record","0"
"eelektrik","603","0","single_record","0"
"eelektross","604","1","modeled","0"
"eelektross-mega","604","1","modeled","0"
"elgyem","605","0","single_record","0"
"beheeyem","606","0","single_record","0"
"litwick","607","0","single_record","0"
"lampent","608","0","single_record","0"
"chandelure","609","1","modeled","0"
"chandelure-mega","609","1","modeled","0"
"axew","610","0","single_record","0"
"fraxure","611","0","single_record","0"
"haxorus","612","0","single_record","0"
"cubchoo","613","0","single_record","0"
"beartic","614","0","single_record","0"
"cryogonal","615","0","single_record","0"
"shelmet","616","0","single_record","0"
"accelgor","617","0","single_record","0"
"stunfisk","618","0","classified_fixed","0"
"stunfisk-galar","618","0","classified_fixed","0"
"mienfoo","619","0","single_record","0"
"mienshao","620","0","single_record","0"
"druddigon","621","0","single_record","0"
"golett","622","0","single_record","0"
"golurk","623","1","modeled","0"
"golurk-mega","623","1","modeled","0"
"pawniard","624","0","single_record","0"
"bisharp","625","0","single_record","0"
"bouffalant","626","0","single_record","0"
"rufflet","627","0","single_record","0"
"braviary","628","0","classified_fixed","0"
"braviary-hisui","628","0","classified_fixed","0"
"vullaby","629","0","single_record","0"
"mandibuzz","630","0","single_record","0"
"heatmor","631","0","single_record","0"
"durant","632","0","single_record","0"
"deino","633","0","single_record","0"
"zweilous","634","0","single_record","0"
"hydreigon","635","0","single_record","0"
"larvesta","636","0","single_record","0"
"volcarona","637","0","single_record","0"
"cobalion","638","0","single_record","0"
"terrakion","639","0","single_record","0"
"virizion","640","0","single_record","0"
"tornadus","641","1","modeled","0"
"tornadus-therian","641","1","modeled","0"
"thundurus","642","1","modeled","0"
"thundurus-therian","642","1","modeled","0"
"reshiram","643","0","single_record","0"
"zekrom","644","0","single_record","0"
"landorus","645","1","modeled","0"
"landorus-therian","645","1","modeled","0"
"kyurem","646","2","modeled","0"
"kyurem-black","646","1","modeled","0"
"kyurem-white","646","1","modeled","0"
"keldeo","647","1","modeled","0"
"keldeo-resolute","647","4","modeled","0"
"meloetta","648","2","modeled","2"
"meloetta-pirouette","648","1","modeled","1"
"genesect","649","1","modeled","0"
"genesect-burn","649","1","modeled","0"
"genesect-chill","649","1","modeled","0"
"genesect-douse","649","1","modeled","0"
"genesect-shock","649","1","modeled","0"
"chespin","650","0","single_record","0"
"quilladin","651","0","single_record","0"
"chesnaught","652","1","modeled","0"
"chesnaught-mega","652","1","modeled","0"
"fennekin","653","0","single_record","0"
"braixen","654","0","single_record","0"
"delphox","655","1","modeled","0"
"delphox-mega","655","1","modeled","0"
"froakie","656","0","single_record","0"
"frogadier","657","0","single_record","0"
"greninja","658","2","modeled","0"
"greninja-ash","658","1","modeled","0"
"greninja-mega","658","1","modeled","0"
"bunnelby","659","0","single_record","0"
"diggersby","660","0","single_record","0"
"fletchling","661","0","single_record","0"
"fletchinder","662","0","single_record","0"
"talonflame","663","0","single_record","0"
"scatterbug","664","0","single_record","0"
"spewpa","665","0","single_record","0"
"vivillon","666","0","classified_fixed","0"
"vivillon-archipelago","666","0","classified_fixed","0"
"vivillon-continental","666","0","classified_fixed","0"
"vivillon-elegant","666","0","classified_fixed","0"
"vivillon-fancy","666","0","classified_fixed","0"
"vivillon-garden","666","0","classified_fixed","0"
"vivillon-high-plains","666","0","classified_fixed","0"
"vivillon-jungle","666","0","classified_fixed","0"
"vivillon-marine","666","0","classified_fixed","0"
"vivillon-meadow","666","0","classified_fixed","0"
"vivillon-modern","666","0","classified_fixed","0"
"vivillon-monsoon","666","0","classified_fixed","0"
"vivillon-ocean","666","0","classified_fixed","0"
"vivillon-pokeball","666","0","classified_fixed","0"
"vivillon-polar","666","0","classified_fixed","0"
"vivillon-river","666","0","classified_fixed","0"
"vivillon-sandstorm","666","0","classified_fixed","0"
"vivillon-savanna","666","0","classified_fixed","0"
"vivillon-sun","666","0","classified_fixed","0"
"vivillon-tundra","666","0","classified_fixed","0"
"litleo","667","0","single_record","0"
"pyroar","668","1","modeled","0"
"pyroar-f","668","1","modeled","0"
"pyroar-mega","668","1","modeled","0"
"flabebe","669","0","classified_fixed","0"
"flabebe-blue","669","0","classified_fixed","0"
"flabebe-orange","669","0","classified_fixed","0"
"flabebe-white","669","0","classified_fixed","0"
"flabebe-yellow","669","0","classified_fixed","0"
"floette","670","0","classified_fixed","0"
"floette-blue","670","0","classified_fixed","0"
"floette-eternal","670","1","modeled","0"
"floette-eternal-mega","670","1","modeled","0"
"floette-orange","670","0","classified_fixed","0"
"floette-white","670","0","classified_fixed","0"
"floette-yellow","670","0","classified_fixed","0"
"florges","671","0","classified_fixed","0"
"florges-blue","671","0","classified_fixed","0"
"florges-orange","671","0","classified_fixed","0"
"florges-white","671","0","classified_fixed","0"
"florges-yellow","671","0","classified_fixed","0"
"skiddo","672","0","single_record","0"
"gogoat","673","0","single_record","0"
"pancham","674","0","single_record","0"
"pangoro","675","0","single_record","0"
"furfrou","676","11","modeled","0"
"furfrou-dandy","676","5","modeled","0"
"furfrou-debutante","676","5","modeled","0"
"furfrou-diamond","676","5","modeled","0"
"furfrou-heart","676","5","modeled","0"
"furfrou-kabuki","676","5","modeled","0"
"furfrou-la-reine","676","5","modeled","0"
"furfrou-matron","676","5","modeled","0"
"furfrou-pharaoh","676","5","modeled","0"
"furfrou-star","676","5","modeled","0"
"espurr","677","0","single_record","0"
"meowstic","678","1","modeled","0"
"meowstic-f","678","1","modeled","0"
"meowstic-mega","678","1","modeled","0"
"honedge","679","0","single_record","0"
"doublade","680","0","single_record","0"
"aegislash","681","3","modeled","2"
"aegislash-blade","681","2","modeled","1"
"spritzee","682","0","single_record","0"
"aromatisse","683","0","single_record","0"
"swirlix","684","0","single_record","0"
"slurpuff","685","0","single_record","0"
"inkay","686","0","single_record","0"
"malamar","687","1","modeled","0"
"malamar-mega","687","1","modeled","0"
"binacle","688","0","single_record","0"
"barbaracle","689","1","modeled","0"
"barbaracle-mega","689","1","modeled","0"
"skrelp","690","0","single_record","0"
"dragalge","691","1","modeled","0"
"dragalge-mega","691","1","modeled","0"
"clauncher","692","0","single_record","0"
"clawitzer","693","0","single_record","0"
"helioptile","694","0","single_record","0"
"heliolisk","695","0","single_record","0"
"tyrunt","696","0","single_record","0"
"tyrantrum","697","0","single_record","0"
"amaura","698","0","single_record","0"
"aurorus","699","0","single_record","0"
"sylveon","700","0","single_record","0"
"hawlucha","701","1","modeled","0"
"hawlucha-mega","701","1","modeled","0"
"dedenne","702","0","single_record","0"
"carbink","703","0","single_record","0"
"goomy","704","0","single_record","0"
"sliggoo","705","0","classified_fixed","0"
"sliggoo-hisui","705","0","classified_fixed","0"
"goodra","706","0","classified_fixed","0"
"goodra-hisui","706","0","classified_fixed","0"
"klefki","707","0","single_record","0"
"phantump","708","0","single_record","0"
"trevenant","709","0","single_record","0"
"pumpkaboo","710","0","classified_fixed","0"
"pumpkaboo-large","710","0","classified_fixed","0"
"pumpkaboo-small","710","0","classified_fixed","0"
"pumpkaboo-super","710","0","classified_fixed","0"
"gourgeist","711","0","classified_fixed","0"
"gourgeist-large","711","0","classified_fixed","0"
"gourgeist-small","711","0","classified_fixed","0"
"gourgeist-super","711","0","classified_fixed","0"
"bergmite","712","0","single_record","0"
"avalugg","713","0","classified_fixed","0"
"avalugg-hisui","713","0","classified_fixed","0"
"noibat","714","0","single_record","0"
"noivern","715","0","single_record","0"
"xerneas","716","1","modeled","1"
"xerneas-active","716","1","modeled","1"
"yveltal","717","0","single_record","0"
"zygarde","718","5","modeled","0"
"zygarde-10","718","4","modeled","0"
"zygarde-complete","718","3","modeled","0"
"zygarde-complete-mega","718","1","modeled","0"
"diancie","719","2","modeled","0"
"diancie-mega","719","2","modeled","0"
"hoopa","720","6","modeled","0"
"hoopa-unbound","720","2","modeled","0"
"volcanion","721","0","single_record","0"
"rowlet","722","0","single_record","0"
"dartrix","723","0","single_record","0"
"decidueye","724","0","classified_fixed","0"
"decidueye-hisui","724","0","classified_fixed","0"
"litten","725","0","single_record","0"
"torracat","726","0","single_record","0"
"incineroar","727","0","single_record","0"
"popplio","728","0","single_record","0"
"brionne","729","0","single_record","0"
"primarina","730","0","single_record","0"
"pikipek","731","0","single_record","0"
"trumbeak","732","0","single_record","0"
"toucannon","733","0","single_record","0"
"yungoos","734","0","single_record","0"
"gumshoos","735","0","single_record","0"
"grubbin","736","0","single_record","0"
"charjabug","737","0","single_record","0"
"vikavolt","738","0","single_record","0"
"crabrawler","739","0","single_record","0"
"crabominable","740","1","modeled","0"
"crabominable-mega","740","1","modeled","0"
"oricorio","741","1","modeled","0"
"oricorio-pau","741","1","modeled","0"
"oricorio-pom-pom","741","1","modeled","0"
"oricorio-sensu","741","1","modeled","0"
"cutiefly","742","0","single_record","0"
"ribombee","743","0","single_record","0"
"rockruff","744","0","single_record","0"
"lycanroc","745","0","classified_fixed","0"
"lycanroc-dusk","745","0","classified_fixed","0"
"lycanroc-midnight","745","0","classified_fixed","0"
"wishiwashi","746","2","modeled","2"
"wishiwashi-school","746","1","modeled","1"
"mareanie","747","0","single_record","0"
"toxapex","748","0","single_record","0"
"mudbray","749","0","single_record","0"
"mudsdale","750","0","single_record","0"
"dewpider","751","0","single_record","0"
"araquanid","752","0","single_record","0"
"fomantis","753","0","single_record","0"
"lurantis","754","0","single_record","0"
"morelull","755","0","single_record","0"
"shiinotic","756","0","single_record","0"
"salandit","757","0","single_record","0"
"salazzle","758","0","single_record","0"
"stufful","759","0","single_record","0"
"bewear","760","0","single_record","0"
"bounsweet","761","0","single_record","0"
"steenee","762","0","single_record","0"
"tsareena","763","0","single_record","0"
"comfey","764","0","single_record","0"
"oranguru","765","0","single_record","0"
"passimian","766","0","single_record","0"
"wimpod","767","0","single_record","0"
"golisopod","768","1","modeled","0"
"golisopod-mega","768","1","modeled","0"
"sandygast","769","0","single_record","0"
"palossand","770","0","single_record","0"
"pyukumuku","771","0","single_record","0"
"typenull","772","0","single_record","0"
"silvally","773","1","modeled","0"
"silvally-bug","773","1","modeled","0"
"silvally-dark","773","1","modeled","0"
"silvally-dragon","773","1","modeled","0"
"silvally-electric","773","1","modeled","0"
"silvally-fairy","773","1","modeled","0"
"silvally-fighting","773","1","modeled","0"
"silvally-fire","773","1","modeled","0"
"silvally-flying","773","1","modeled","0"
"silvally-ghost","773","1","modeled","0"
"silvally-grass","773","1","modeled","0"
"silvally-ground","773","1","modeled","0"
"silvally-ice","773","1","modeled","0"
"silvally-poison","773","1","modeled","0"
"silvally-psychic","773","1","modeled","0"
"silvally-rock","773","1","modeled","0"
"silvally-steel","773","1","modeled","0"
"silvally-water","773","1","modeled","0"
"minior","774","1","modeled","1"
"minior-blue","774","2","modeled","2"
"minior-green","774","2","modeled","2"
"minior-indigo","774","2","modeled","2"
"minior-orange","774","2","modeled","2"
"minior-red","774","2","modeled","2"
"minior-violet","774","2","modeled","2"
"minior-yellow","774","2","modeled","2"
"komala","775","0","single_record","0"
"turtonator","776","0","single_record","0"
"togedemaru","777","0","single_record","0"
"mimikyu","778","1","modeled","1"
"mimikyu-busted","778","3","modeled","2"
"bruxish","779","0","single_record","0"
"drampa","780","1","modeled","0"
"drampa-mega","780","1","modeled","0"
"dhelmise","781","0","single_record","0"
"jangmoo","782","0","single_record","0"
"hakamoo","783","0","single_record","0"
"kommoo","784","0","single_record","0"
"tapukoko","785","0","single_record","0"
"tapulele","786","0","single_record","0"
"tapubulu","787","0","single_record","0"
"tapufini","788","0","single_record","0"
"cosmog","789","0","single_record","0"
"cosmoem","790","0","single_record","0"
"solgaleo","791","0","single_record","0"
"lunala","792","0","single_record","0"
"nihilego","793","0","single_record","0"
"buzzwole","794","0","single_record","0"
"pheromosa","795","0","single_record","0"
"xurkitree","796","0","single_record","0"
"celesteela","797","0","single_record","0"
"kartana","798","0","single_record","0"
"guzzlord","799","0","single_record","0"
"necrozma","800","2","modeled","0"
"necrozma-dawn-wings","800","2","modeled","0"
"necrozma-dusk-mane","800","2","modeled","0"
"necrozma-ultra","800","1","modeled","0"
"magearna","801","1","modeled","0"
"magearna-mega","801","1","modeled","0"
"magearna-original","801","1","modeled","0"
"magearna-original-mega","801","1","modeled","0"
"marshadow","802","0","single_record","0"
"poipole","803","0","single_record","0"
"naganadel","804","0","single_record","0"
"stakataka","805","0","single_record","0"
"blacephalon","806","0","single_record","0"
"zeraora","807","1","modeled","0"
"zeraora-mega","807","1","modeled","0"
"meltan","808","0","single_record","0"
"melmetal","809","2","modeled","0"
"melmetal-gmax","809","1","modeled","0"
"grookey","810","0","single_record","0"
"thwackey","811","0","single_record","0"
"rillaboom","812","2","modeled","0"
"rillaboom-gmax","812","1","modeled","0"
"scorbunny","813","0","single_record","0"
"raboot","814","0","single_record","0"
"cinderace","815","2","modeled","0"
"cinderace-gmax","815","1","modeled","0"
"sobble","816","0","single_record","0"
"drizzile","817","0","single_record","0"
"inteleon","818","2","modeled","0"
"inteleon-gmax","818","1","modeled","0"
"skwovet","819","0","single_record","0"
"greedent","820","0","single_record","0"
"rookidee","821","0","single_record","0"
"corvisquire","822","0","single_record","0"
"corviknight","823","2","modeled","0"
"corviknight-gmax","823","1","modeled","0"
"blipbug","824","0","single_record","0"
"dottler","825","0","single_record","0"
"orbeetle","826","2","modeled","0"
"orbeetle-gmax","826","1","modeled","0"
"nickit","827","0","single_record","0"
"thievul","828","0","single_record","0"
"gossifleur","829","0","single_record","0"
"eldegoss","830","0","single_record","0"
"wooloo","831","0","single_record","0"
"dubwool","832","0","single_record","0"
"chewtle","833","0","single_record","0"
"drednaw","834","2","modeled","0"
"drednaw-gmax","834","1","modeled","0"
"yamper","835","0","single_record","0"
"boltund","836","0","single_record","0"
"rolycoly","837","0","single_record","0"
"carkol","838","0","single_record","0"
"coalossal","839","2","modeled","0"
"coalossal-gmax","839","1","modeled","0"
"applin","840","0","single_record","0"
"flapple","841","2","modeled","0"
"flapple-gmax","841","1","modeled","0"
"appletun","842","2","modeled","0"
"appletun-gmax","842","1","modeled","0"
"silicobra","843","0","single_record","0"
"sandaconda","844","2","modeled","0"
"sandaconda-gmax","844","1","modeled","0"
"cramorant","845","3","modeled","2"
"cramorant-gorging","845","2","modeled","2"
"cramorant-gulping","845","2","modeled","2"
"arrokuda","846","0","single_record","0"
"barraskewda","847","0","single_record","0"
"toxel","848","0","single_record","0"
"toxtricity","849","2","modeled","0"
"toxtricity-gmax","849","1","modeled","0"
"toxtricity-low-key","849","4","modeled","0"
"toxtricity-low-key-gmax","849","1","modeled","0"
"sizzlipede","850","0","single_record","0"
"centiskorch","851","2","modeled","0"
"centiskorch-gmax","851","1","modeled","0"
"clobbopus","852","0","single_record","0"
"grapploct","853","0","single_record","0"
"sinistea","854","0","classified_fixed","0"
"sinistea-antique","854","0","classified_fixed","0"
"polteageist","855","0","classified_fixed","0"
"polteageist-antique","855","0","classified_fixed","0"
"hatenna","856","0","single_record","0"
"hattrem","857","0","single_record","0"
"hatterene","858","2","modeled","0"
"hatterene-gmax","858","1","modeled","0"
"impidimp","859","0","single_record","0"
"morgrem","860","0","single_record","0"
"grimmsnarl","861","2","modeled","0"
"grimmsnarl-gmax","861","1","modeled","0"
"obstagoon","862","0","single_record","0"
"perrserker","863","0","single_record","0"
"cursola","864","0","single_record","0"
"sirfetchd","865","0","single_record","0"
"mrrime","866","0","single_record","0"
"runerigus","867","0","single_record","0"
"milcery","868","0","single_record","0"
"alcremie","869","2","modeled","0"
"alcremie-caramel-swirl-berry","869","2","modeled","0"
"alcremie-caramel-swirl-clover","869","2","modeled","0"
"alcremie-caramel-swirl-flower","869","2","modeled","0"
"alcremie-caramel-swirl-love","869","2","modeled","0"
"alcremie-caramel-swirl-ribbon","869","2","modeled","0"
"alcremie-caramel-swirl-star","869","2","modeled","0"
"alcremie-caramel-swirl-strawberry","869","2","modeled","0"
"alcremie-gmax","869","1","modeled","0"
"alcremie-lemon-cream-berry","869","2","modeled","0"
"alcremie-lemon-cream-clover","869","2","modeled","0"
"alcremie-lemon-cream-flower","869","2","modeled","0"
"alcremie-lemon-cream-love","869","2","modeled","0"
"alcremie-lemon-cream-ribbon","869","2","modeled","0"
"alcremie-lemon-cream-star","869","2","modeled","0"
"alcremie-lemon-cream-strawberry","869","2","modeled","0"
"alcremie-matcha-cream-berry","869","2","modeled","0"
"alcremie-matcha-cream-clover","869","2","modeled","0"
"alcremie-matcha-cream-flower","869","2","modeled","0"
"alcremie-matcha-cream-love","869","2","modeled","0"
"alcremie-matcha-cream-ribbon","869","2","modeled","0"
"alcremie-matcha-cream-star","869","2","modeled","0"
"alcremie-matcha-cream-strawberry","869","2","modeled","0"
"alcremie-mint-cream-berry","869","2","modeled","0"
"alcremie-mint-cream-clover","869","2","modeled","0"
"alcremie-mint-cream-flower","869","2","modeled","0"
"alcremie-mint-cream-love","869","2","modeled","0"
"alcremie-mint-cream-ribbon","869","2","modeled","0"
"alcremie-mint-cream-star","869","2","modeled","0"
"alcremie-mint-cream-strawberry","869","2","modeled","0"
"alcremie-rainbow-swirl-berry","869","2","modeled","0"
"alcremie-rainbow-swirl-clover","869","2","modeled","0"
"alcremie-rainbow-swirl-flower","869","2","modeled","0"
"alcremie-rainbow-swirl-love","869","2","modeled","0"
"alcremie-rainbow-swirl-ribbon","869","2","modeled","0"
"alcremie-rainbow-swirl-star","869","2","modeled","0"
"alcremie-rainbow-swirl-strawberry","869","2","modeled","0"
"alcremie-ruby-cream-berry","869","2","modeled","0"
"alcremie-ruby-cream-clover","869","2","modeled","0"
"alcremie-ruby-cream-flower","869","2","modeled","0"
"alcremie-ruby-cream-love","869","2","modeled","0"
"alcremie-ruby-cream-ribbon","869","2","modeled","0"
"alcremie-ruby-cream-star","869","2","modeled","0"
"alcremie-ruby-cream-strawberry","869","2","modeled","0"
"alcremie-ruby-swirl-berry","869","2","modeled","0"
"alcremie-ruby-swirl-clover","869","2","modeled","0"
"alcremie-ruby-swirl-flower","869","2","modeled","0"
"alcremie-ruby-swirl-love","869","2","modeled","0"
"alcremie-ruby-swirl-ribbon","869","2","modeled","0"
"alcremie-ruby-swirl-star","869","2","modeled","0"
"alcremie-ruby-swirl-strawberry","869","2","modeled","0"
"alcremie-salted-cream-berry","869","2","modeled","0"
"alcremie-salted-cream-clover","869","2","modeled","0"
"alcremie-salted-cream-flower","869","2","modeled","0"
"alcremie-salted-cream-love","869","2","modeled","0"
"alcremie-salted-cream-ribbon","869","2","modeled","0"
"alcremie-salted-cream-star","869","2","modeled","0"
"alcremie-salted-cream-strawberry","869","2","modeled","0"
"alcremie-vanilla-cream-berry","869","2","modeled","0"
"alcremie-vanilla-cream-clover","869","2","modeled","0"
"alcremie-vanilla-cream-flower","869","2","modeled","0"
"alcremie-vanilla-cream-love","869","2","modeled","0"
"alcremie-vanilla-cream-ribbon","869","2","modeled","0"
"alcremie-vanilla-cream-star","869","2","modeled","0"
"falinks","870","1","modeled","0"
"falinks-mega","870","1","modeled","0"
"pincurchin","871","0","single_record","0"
"snom","872","0","single_record","0"
"frosmoth","873","0","single_record","0"
"stonjourner","874","0","single_record","0"
"eiscue","875","3","modeled","3"
"eiscue-noice","875","1","modeled","1"
"indeedee","876","0","classified_fixed","0"
"indeedee-f","876","0","classified_fixed","0"
"morpeko","877","4","modeled","1"
"morpeko-hangry","877","2","modeled","0"
"cufant","878","0","single_record","0"
"copperajah","879","2","modeled","0"
"copperajah-gmax","879","1","modeled","0"
"dracozolt","880","0","single_record","0"
"arctozolt","881","0","single_record","0"
"dracovish","882","0","single_record","0"
"arctovish","883","0","single_record","0"
"duraludon","884","2","modeled","0"
"duraludon-gmax","884","1","modeled","0"
"dreepy","885","0","single_record","0"
"drakloak","886","0","single_record","0"
"dragapult","887","0","single_record","0"
"zacian","888","1","modeled","0"
"zacian-crowned","888","1","modeled","0"
"zamazenta","889","1","modeled","0"
"zamazenta-crowned","889","1","modeled","0"
"eternatus","890","0","classified_fixed","0"
"eternatus-eternamax","890","0","non_player_state","0"
"kubfu","891","0","single_record","0"
"urshifu","892","2","modeled","0"
"urshifu-gmax","892","1","modeled","0"
"urshifu-rapid-strike","892","2","modeled","0"
"urshifu-rapid-strike-gmax","892","1","modeled","0"
"zarude","893","0","classified_fixed","0"
"zarude-dada","893","0","classified_fixed","0"
"regieleki","894","0","single_record","0"
"regidrago","895","0","single_record","0"
"glastrier","896","0","single_record","0"
"spectrier","897","0","single_record","0"
"calyrex","898","2","modeled","0"
"calyrex-ice","898","1","modeled","0"
"calyrex-shadow","898","1","modeled","0"
"wyrdeer","899","0","single_record","0"
"kleavor","900","0","single_record","0"
"ursaluna","901","0","classified_fixed","0"
"ursaluna-bloodmoon","901","0","classified_fixed","0"
"basculegion","902","0","classified_fixed","0"
"basculegion-f","902","0","classified_fixed","0"
"sneasler","903","0","single_record","0"
"overqwil","904","0","single_record","0"
"enamorus","905","1","modeled","0"
"enamorus-therian","905","1","modeled","0"
"sprigatito","906","0","single_record","0"
"floragato","907","0","single_record","0"
"meowscarada","908","0","single_record","0"
"fuecoco","909","0","single_record","0"
"crocalor","910","0","single_record","0"
"skeledirge","911","0","single_record","0"
"quaxly","912","0","single_record","0"
"quaxwell","913","0","single_record","0"
"quaquaval","914","0","single_record","0"
"lechonk","915","0","single_record","0"
"oinkologne","916","0","classified_fixed","0"
"oinkologne-f","916","0","classified_fixed","0"
"tarountula","917","0","single_record","0"
"spidops","918","0","single_record","0"
"nymble","919","0","single_record","0"
"lokix","920","0","single_record","0"
"pawmi","921","0","single_record","0"
"pawmo","922","0","single_record","0"
"pawmot","923","0","single_record","0"
"tandemaus","924","0","single_record","0"
"maushold","925","0","classified_fixed","0"
"maushold-three","925","0","classified_fixed","0"
"fidough","926","0","single_record","0"
"dachsbun","927","0","single_record","0"
"smoliv","928","0","single_record","0"
"dolliv","929","0","single_record","0"
"arboliva","930","0","single_record","0"
"squawkabilly","931","0","classified_fixed","0"
"squawkabilly-blue","931","0","classified_fixed","0"
"squawkabilly-white","931","0","classified_fixed","0"
"squawkabilly-yellow","931","0","classified_fixed","0"
"nacli","932","0","single_record","0"
"naclstack","933","0","single_record","0"
"garganacl","934","0","single_record","0"
"charcadet","935","0","single_record","0"
"armarouge","936","0","single_record","0"
"ceruledge","937","0","single_record","0"
"tadbulb","938","0","single_record","0"
"bellibolt","939","0","single_record","0"
"wattrel","940","0","single_record","0"
"kilowattrel","941","0","single_record","0"
"maschiff","942","0","single_record","0"
"mabosstiff","943","0","single_record","0"
"shroodle","944","0","single_record","0"
"grafaiai","945","0","single_record","0"
"bramblin","946","0","single_record","0"
"brambleghast","947","0","single_record","0"
"toedscool","948","0","single_record","0"
"toedscruel","949","0","single_record","0"
"klawf","950","0","single_record","0"
"capsakid","951","0","single_record","0"
"scovillain","952","1","modeled","0"
"scovillain-mega","952","1","modeled","0"
"rellor","953","0","single_record","0"
"rabsca","954","0","single_record","0"
"flittle","955","0","single_record","0"
"espathra","956","0","single_record","0"
"tinkatink","957","0","single_record","0"
"tinkatuff","958","0","single_record","0"
"tinkaton","959","0","single_record","0"
"wiglett","960","0","single_record","0"
"wugtrio","961","0","single_record","0"
"bombirdier","962","0","single_record","0"
"finizen","963","0","single_record","0"
"palafin","964","1","modeled","0"
"palafin-hero","964","1","modeled","0"
"varoom","965","0","single_record","0"
"revavroom","966","0","single_record","0"
"cyclizar","967","0","single_record","0"
"orthworm","968","0","single_record","0"
"glimmet","969","0","single_record","0"
"glimmora","970","1","modeled","0"
"glimmora-mega","970","1","modeled","0"
"greavard","971","0","single_record","0"
"houndstone","972","0","single_record","0"
"flamigo","973","0","single_record","0"
"cetoddle","974","0","single_record","0"
"cetitan","975","0","single_record","0"
"veluza","976","0","single_record","0"
"dondozo","977","0","single_record","0"
"tatsugiri","978","1","modeled","0"
"tatsugiri-droopy","978","1","modeled","0"
"tatsugiri-droopy-mega","978","1","modeled","0"
"tatsugiri-mega","978","1","modeled","0"
"tatsugiri-stretchy","978","1","modeled","0"
"tatsugiri-stretchy-mega","978","1","modeled","0"
"annihilape","979","0","single_record","0"
"clodsire","980","0","single_record","0"
"farigiraf","981","0","single_record","0"
"dudunsparce","982","0","classified_fixed","0"
"dudunsparce-three-segment","982","0","classified_fixed","0"
"kingambit","983","0","single_record","0"
"greattusk","984","0","single_record","0"
"screamtail","985","0","single_record","0"
"brutebonnet","986","0","single_record","0"
"fluttermane","987","0","single_record","0"
"slitherwing","988","0","single_record","0"
"sandyshocks","989","0","single_record","0"
"irontreads","990","0","single_record","0"
"ironbundle","991","0","single_record","0"
"ironhands","992","0","single_record","0"
"ironjugulis","993","0","single_record","0"
"ironmoth","994","0","single_record","0"
"ironthorns","995","0","single_record","0"
"frigibax","996","0","single_record","0"
"arctibax","997","0","single_record","0"
"baxcalibur","998","1","modeled","0"
"baxcalibur-mega","998","1","modeled","0"
"gimmighoul","999","0","classified_fixed","0"
"gimmighoul-roaming","999","0","classified_fixed","0"
"gholdengo","1000","0","single_record","0"
"wochien","1001","0","single_record","0"
"chienpao","1002","0","single_record","0"
"tinglu","1003","0","single_record","0"
"chiyu","1004","0","single_record","0"
"roaringmoon","1005","0","single_record","0"
"ironvaliant","1006","0","single_record","0"
"koraidon","1007","0","single_record","0"
"miraidon","1008","0","single_record","0"
"walkingwake","1009","0","single_record","0"
"ironleaves","1010","0","single_record","0"
"dipplin","1011","0","single_record","0"
"poltchageist","1012","0","classified_fixed","0"
"poltchageist-artisan","1012","0","classified_fixed","0"
"sinistcha","1013","0","classified_fixed","0"
"sinistcha-masterpiece","1013","0","classified_fixed","0"
"okidogi","1014","0","single_record","0"
"munkidori","1015","0","single_record","0"
"fezandipiti","1016","0","single_record","0"
"ogerpon","1017","1","modeled","0"
"ogerpon-cornerstone","1017","1","modeled","0"
"ogerpon-hearthflame","1017","1","modeled","0"
"ogerpon-wellspring","1017","1","modeled","0"
"archaludon","1018","0","single_record","0"
"hydrapple","1019","0","single_record","0"
"gougingfire","1020","0","single_record","0"
"ragingbolt","1021","0","single_record","0"
"ironboulder","1022","0","single_record","0"
"ironcrown","1023","0","single_record","0"
"terapagos","1024","1","modeled","0"
"terapagos-stellar","1024","1","modeled","0"
"terapagos-terastal","1024","1","modeled","0"
"pecharunt","1025","0","single_record","0"
