species,url,cacheSha256,hasFormDataSection
"Drednaw","https://bulbapedia.bulbagarden.net/wiki/Drednaw_(Pok%C3%A9mon)","ee6b57ff5da3ad9ae21a9e4e3735c0ff49d254934df934d46e294d0d26e38503","true"
"Torchic","https://bulbapedia.bulbagarden.net/wiki/Torchic_(Pok%C3%A9mon)","c120d2368020ba1767dcf2a50df5cc14d98862cd6a006175ee74ccca0a4ed847","false"
"Skarmory","https://bulbapedia.bulbagarden.net/wiki/Skarmory_(Pok%C3%A9mon)","7c93aa2d485cd91f191207e02e40a31cc8dd8100ad588686e0673c2a847d3f66","true"
"Xerneas","https://bulbapedia.bulbagarden.net/wiki/Xerneas_(Pok%C3%A9mon)","177aae8521e289e0803d467dee375697423e18d7e116aa76ccf4cfa9c5fc6c26","true"
"Ninetales","https://bulbapedia.bulbagarden.net/wiki/Ninetales_(Pok%C3%A9mon)","215da578e65d6fefbec18bc3045131b99d69d4fabcfb9a7f26f110b4d8e69e6d","false"
"Luxray","https://bulbapedia.bulbagarden.net/wiki/Luxray_(Pok%C3%A9mon)","c9ddb3f6d352619db4cd7ee4a6a7aa73f262b4324e374662fe0fd447b8cc7287","false"
"Steelix","https://bulbapedia.bulbagarden.net/wiki/Steelix_(Pok%C3%A9mon)","86d466db54c7d7b0f3c4f93a580614b3b316ecd1b2d604237b9482f1514445b9","true"
"Beautifly","https://bulbapedia.bulbagarden.net/wiki/Beautifly_(Pok%C3%A9mon)","adea93118b6fddf5bdcfbc748199055c7c5a3881e82fec3cf3bb77010259c815","false"
"Pachirisu","https://bulbapedia.bulbagarden.net/wiki/Pachirisu_(Pok%C3%A9mon)","307c7f0b3627d67311496f09111bb89ab1eaef76f5822f2a3ccb7016e45589ac","false"
"Graveler","https://bulbapedia.bulbagarden.net/wiki/Graveler_(Pok%C3%A9mon)","ddb46c1a931197cb31cfbd759b7e9447029df087333bd037d264ea41b936c1f7","false"
"Absol","https://bulbapedia.bulbagarden.net/wiki/Absol_(Pok%C3%A9mon)","36646d54746f9343b7ca31438b3584fa13e66cfbabd7d387d2d5f481d4d9f364","true"
"Dudunsparce","https://bulbapedia.bulbagarden.net/wiki/Dudunsparce_(Pok%C3%A9mon)","e45a2ea8d819bea158f7941ee285793db2bcb8f249751226485c0ed18986badc","true"
"Dodrio","https://bulbapedia.bulbagarden.net/wiki/Dodrio_(Pok%C3%A9mon)","06495a89ac6331a62c4027118e66b0f355d68e8a5fd6d11c4227a4ed4d7cb48a","false"
"Exeggutor","https://bulbapedia.bulbagarden.net/wiki/Exeggutor_(Pok%C3%A9mon)","d5b4907233ee490b8182a056a073f8fe0b1fec99e818b411f37461056a7bce9c","false"
"Staraptor","https://bulbapedia.bulbagarden.net/wiki/Staraptor_(Pok%C3%A9mon)","22ea7f1a34674439c5dbc460f5359fd73aefcd272c79cd0d6b884ebd4908f8d5","true"
"Rayquaza","https://bulbapedia.bulbagarden.net/wiki/Rayquaza_(Pok%C3%A9mon)","550ad070d453c0bdb63c101725f56b70d1fab405192dc8ce29906899138f7b00","true"
"Silvally","https://bulbapedia.bulbagarden.net/wiki/Silvally_(Pok%C3%A9mon)","a0d6af93314a9a2b1de3fb1bac4f7a23fb9f6ba56e55e69b01028b31cd1b2612","true"
"Starly","https://bulbapedia.bulbagarden.net/wiki/Starly_(Pok%C3%A9mon)","da33b65eaf391925e8a255baab259613f59410861bb911c6cdf5a96f80396cdb","false"
"Gligar","https://bulbapedia.bulbagarden.net/wiki/Gligar_(Pok%C3%A9mon)","11faa7bedd0b3ff9e3a6b8a08acf68aef96228463df49118488651502934f569","false"
"Golem","https://bulbapedia.bulbagarden.net/wiki/Golem_(Pok%C3%A9mon)","c25fa05eee0984a490439d22ecc111bae3b0c41709c3a40c47edd3b793db0521","false"
"Slowpoke","https://bulbapedia.bulbagarden.net/wiki/Slowpoke_(Pok%C3%A9mon)","ac48ef614dd187afc2d502d9cc4084c3a7d41414984a1e351928503e02ea9223","false"
"Meloetta","https://bulbapedia.bulbagarden.net/wiki/Meloetta_(Pok%C3%A9mon)","decf35f34f5c98d1f137f6f11da8b762da41cd749e4e4f167a0fd2d9441bdf67","true"
"Chimecho","https://bulbapedia.bulbagarden.net/wiki/Chimecho_(Pok%C3%A9mon)","7211d071c8ad46cb3f858c60a21f5ae7a535f0282108d30bb1269f2abef4ac0c","true"
"Florges","https://bulbapedia.bulbagarden.net/wiki/Florges_(Pok%C3%A9mon)","bda5a32af683f506ecd64d11b317cc124fa37a59189c11ade1bcdecf7f84fc9e","true"
"Baxcalibur","https://bulbapedia.bulbagarden.net/wiki/Baxcalibur_(Pok%C3%A9mon)","444a18268294378edd8a310ec1dead78573ca0083ee6f9530071994f816aed55","true"
"Darkrai","https://bulbapedia.bulbagarden.net/wiki/Darkrai_(Pok%C3%A9mon)","ec4df1718dab26885461e5c988b84ae2c17e9d771c9b0c082c388f726f25538b","true"
"Sneasel","https://bulbapedia.bulbagarden.net/wiki/Sneasel_(Pok%C3%A9mon)","14dcfde39dc211127bf9c9adada4d85d4cc9d6a1f7e0af74bb38f76583ae2244","false"
"Polteageist","https://bulbapedia.bulbagarden.net/wiki/Polteageist_(Pok%C3%A9mon)","c7eee6393fc213ef803236b72313d04d9c712f8742e30f1039a26ceba46d8a07","true"
"Hippopotas","https://bulbapedia.bulbagarden.net/wiki/Hippopotas_(Pok%C3%A9mon)","07ad6df8b02e4852f2a7f26531a3c6f9ebd484920cb2f815f986e99347642fe3","false"
"Gabite","https://bulbapedia.bulbagarden.net/wiki/Gabite_(Pok%C3%A9mon)","41233f8ac3d8765329ce43c03db1f9538946d9f59a3443e2c1ba61f54ff68eaf","false"
"Ampharos","https://bulbapedia.bulbagarden.net/wiki/Ampharos_(Pok%C3%A9mon)","92874fe7a74e71f44a98ef2b82bd9fe9dff71704e9007fadb09627f420e9a6b3","true"
"Hatterene","https://bulbapedia.bulbagarden.net/wiki/Hatterene_(Pok%C3%A9mon)","2137323689328ea5ab2530604171d66bf9efebc355f6ba44846d4f6fc1e72d1f","true"
"Palafin","https://bulbapedia.bulbagarden.net/wiki/Palafin_(Pok%C3%A9mon)","762f0e9f568760e58b74516384bbc4cfce37bc7f33233f9890532a69f1dedc5a","true"
"Oinkologne","https://bulbapedia.bulbagarden.net/wiki/Oinkologne_(Pok%C3%A9mon)","56d581ee086a0e5f8adc10abfab98a9b15cecedb3b13c9b384bf7d336bf9f30c","false"
"Glimmora","https://bulbapedia.bulbagarden.net/wiki/Glimmora_(Pok%C3%A9mon)","96b679bd3f98ede6886005b402820d99619f1bece0ffcb8e71052920dd320bb7","true"
"Alcremie","https://bulbapedia.bulbagarden.net/wiki/Alcremie_(Pok%C3%A9mon)","ea39398dff8985e7e43595750eb93eb0cfaad6102489409909c58447f9245da7","true"
"Machamp","https://bulbapedia.bulbagarden.net/wiki/Machamp_(Pok%C3%A9mon)","214c62e8ad2bee6094011686752d4f52ecddd560cdbd044a44ac15364a2596e9","true"
"Lilligant","https://bulbapedia.bulbagarden.net/wiki/Lilligant_(Pok%C3%A9mon)","be35f80b03ac9b29b36bc153f22e351bf79923e45123cef82c053aafa655309b","false"
"Meowth","https://bulbapedia.bulbagarden.net/wiki/Meowth_(Pok%C3%A9mon)","792c2a218ed13d03bb19d04f99764eb0c71f60c589a4b00678686e7a53afe4f3","true"
"Heracross","https://bulbapedia.bulbagarden.net/wiki/Heracross_(Pok%C3%A9mon)","0c6f6754d5dd4bee0c8bbb1074302fffcd4100f9d397a50e2636e84285c2b843","true"
"Altaria","https://bulbapedia.bulbagarden.net/wiki/Altaria_(Pok%C3%A9mon)","88dc6c025bf426a07783d8bee67ccfbdead2e80b4557661e222ee9f5235c840c","true"
"Magearna","https://bulbapedia.bulbagarden.net/wiki/Magearna_(Pok%C3%A9mon)","1fa7a221fc2b9e30376ae1d753d8267bbbd3bf7f4cb2ba36005e55ac5bc82894","true"
"Rapidash","https://bulbapedia.bulbagarden.net/wiki/Rapidash_(Pok%C3%A9mon)","f3412ada52ef302d12a62fe62b266ad053323f37d76363979af90bb0614c1f28","false"
"Darmanitan","https://bulbapedia.bulbagarden.net/wiki/Darmanitan_(Pok%C3%A9mon)","560f05889a198887659f8af703fe7704c9685dc7dfa7f38a4b87d2227082c22c","true"
"Delphox","https://bulbapedia.bulbagarden.net/wiki/Delphox_(Pok%C3%A9mon)","0c74b9e2b80025c9b80dd68186aef54a9c263d8f069de7b338a61ba7a1d1d9cc","true"
"Melmetal","https://bulbapedia.bulbagarden.net/wiki/Melmetal_(Pok%C3%A9mon)","5684b4e8a815c2f0fa4681e1f7e9d4df9ac1fb795b5bc47dfe8706317f2faf4d","true"
"Arcanine","https://bulbapedia.bulbagarden.net/wiki/Arcanine_(Pok%C3%A9mon)","5d1838a5e7494198682027bd7badf05f837df9022db1c9dfddcfbdaacb3d9457","false"
"Dialga","https://bulbapedia.bulbagarden.net/wiki/Dialga_(Pok%C3%A9mon)","53f7d3a84eee9792d8715509beb9dc58253e0bc179e5fe34486b5a8f0ec962ef","true"
"Feraligatr","https://bulbapedia.bulbagarden.net/wiki/Feraligatr_(Pok%C3%A9mon)","90138588d4374f82768dbdf31b71863b4140e14c26d3ba7094620adfb9f8039a","true"
"Kricketune","https://bulbapedia.bulbagarden.net/wiki/Kricketune_(Pok%C3%A9mon)","1d57798b008be298cf688dfa42d5e04e734aeb53d533ed4122d271a086137977","false"
"Hoopa","https://bulbapedia.bulbagarden.net/wiki/Hoopa_(Pok%C3%A9mon)","b155c968a7314c65f99d7d028dedc953f718bbe205cc93b1b3933828d6725b8c","true"
"Yamask","https://bulbapedia.bulbagarden.net/wiki/Yamask_(Pok%C3%A9mon)","4a8f6fb7282124ac6d24a5f75009d5c802e89590d1aaf20af9381653bec4185a","false"
"Kangaskhan","https://bulbapedia.bulbagarden.net/wiki/Kangaskhan_(Pok%C3%A9mon)","76588a5ced190d63dcc94bb0ff1d8d95b1673a6eaa0a54d1d7dffaa64358208c","true"
"Gulpin","https://bulbapedia.bulbagarden.net/wiki/Gulpin_(Pok%C3%A9mon)","95643f44fcdf5d548747be23b2cb99f8015d2e485038669aceb16ae56ac328fa","false"
"Mimikyu","https://bulbapedia.bulbagarden.net/wiki/Mimikyu_(Pok%C3%A9mon)","c094f1ea45d1ad356891704dda86174f3ae23c03655377ca0281581ec39bd3a7","true"
"Pikachu","https://bulbapedia.bulbagarden.net/wiki/Pikachu_(Pok%C3%A9mon)","cfa022775a560b666ab42c1faedf04c374910ff155c1738dd3afb3d91eb3b514","true"
"Tatsugiri","https://bulbapedia.bulbagarden.net/wiki/Tatsugiri_(Pok%C3%A9mon)","ed22b514432810de281524972eca76c217edd533e24b78078be531491e7f9aa1","true"
"Slowbro","https://bulbapedia.bulbagarden.net/wiki/Slowbro_(Pok%C3%A9mon)","237a68b5afe92222b14cfd127357598d2831b107910d9cf189bf03690378b958","true"
"Greninja","https://bulbapedia.bulbagarden.net/wiki/Greninja_(Pok%C3%A9mon)","7bd0593e58f97eb0cea27051fed938eef9e4433f5becf63658029cf922e23a66","true"
"Weezing","https://bulbapedia.bulbagarden.net/wiki/Weezing_(Pok%C3%A9mon)","25ce4ce9c822d54339559214935a0f0efa008db5b92f281dbeb5c407b18aece9","false"
"Orbeetle","https://bulbapedia.bulbagarden.net/wiki/Orbeetle_(Pok%C3%A9mon)","d8dcd6afcf7985a5c9040bacb6fab6a432045edfa02402208a87969484ac98bc","true"
"Growlithe","https://bulbapedia.bulbagarden.net/wiki/Growlithe_(Pok%C3%A9mon)","f66266c82833a1afec1a982e294bf3f2d3692df5ccce8ea38f0d4b1c7d592fc8","false"
"Gallade","https://bulbapedia.bulbagarden.net/wiki/Gallade_(Pok%C3%A9mon)","eeca9648c398b45355a9765dab86eaf7fd19bb791675c2fc8314b5d0e9316d5c","true"
"Eelektross","https://bulbapedia.bulbagarden.net/wiki/Eelektross_(Pok%C3%A9mon)","992c865e56d6c6b1323d30d1a4584679b5a862a40f8e956afd0781a2a74b72dd","true"
"Donphan","https://bulbapedia.bulbagarden.net/wiki/Donphan_(Pok%C3%A9mon)","0359c4fe945ca42c62a15d36ce3be5a410a689a96a4f8b058b1b88bb1331059f","false"
"Rattata","https://bulbapedia.bulbagarden.net/wiki/Rattata_(Pok%C3%A9mon)","edb99454a1304b69a43c0f723c4cb30becfdb76511a724c95de0e9b6dc1045f5","false"
"Roselia","https://bulbapedia.bulbagarden.net/wiki/Roselia_(Pok%C3%A9mon)","37fc2027b296e6993a034015a180fb8eda05e31b0ccfd4aa59cdd2ec74a186e3","false"
"Magikarp","https://bulbapedia.bulbagarden.net/wiki/Magikarp_(Pok%C3%A9mon)","27a25fd3696af50d01c5bb99996bc6b4467c7e631becaca7c9ce2940c0a91dd3","false"
"Mamoswine","https://bulbapedia.bulbagarden.net/wiki/Mamoswine_(Pok%C3%A9mon)","66dcef299d5e17c106ec55da126d0b5ee10d65f15271cc3c18e59b0eb98e05e9","false"
"Kyurem","https://bulbapedia.bulbagarden.net/wiki/Kyurem_(Pok%C3%A9mon)","eca65fdb07b4238156b79f8b765b9d3e4e5a4229b1d8a71624f7fdfaa2d7b673","true"
"Corviknight","https://bulbapedia.bulbagarden.net/wiki/Corviknight_(Pok%C3%A9mon)","5a9d5977b6e0012876b8f43224f9e3d3664e027cc1dbfa756a09c6d008032b1b","true"
"Oricorio","https://bulbapedia.bulbagarden.net/wiki/Oricorio_(Pok%C3%A9mon)","506fd950e9a2ae7dd7ec3a21a7de6e48b3c167936e115c2d7fcfd7f616d081e7","true"
"Vulpix","https://bulbapedia.bulbagarden.net/wiki/Vulpix_(Pok%C3%A9mon)","ab767909995bd4e5306a9ff6f7be777cee8f32c1984dbd6545a069c2a442edca","false"
"Scyther","https://bulbapedia.bulbagarden.net/wiki/Scyther_(Pok%C3%A9mon)","ef78301187b5d8e95473730c9e6e8be2fcefc66493f473ea2f3b0cb6a585d4d2","false"
"Wishiwashi","https://bulbapedia.bulbagarden.net/wiki/Wishiwashi_(Pok%C3%A9mon)","02c6b2a4a6ddf24920ddbc23e1956d423ee8fff08b9cf75c9b8cc5c61a06db41","true"
"Butterfree","https://bulbapedia.bulbagarden.net/wiki/Butterfree_(Pok%C3%A9mon)","e586818d578e3aff1bc9610c7e55e7fdef8dccbd0a513c275830e904b13962af","true"
"Pinsir","https://bulbapedia.bulbagarden.net/wiki/Pinsir_(Pok%C3%A9mon)","6e328e656cba987fe753b6232144344a0374381820beab68c7e0c89a767db597","true"
"Abomasnow","https://bulbapedia.bulbagarden.net/wiki/Abomasnow_(Pok%C3%A9mon)","0b5f07b18d554af6e27ae3c493afda35b9cd75edbf7f3ab71a35d19acb1928a5","true"
"Poltchageist","https://bulbapedia.bulbagarden.net/wiki/Poltchageist_(Pok%C3%A9mon)","087fdc203ed1f1109e124b4ab14aa0ac835401be52acb2438046fda7db2d7882","true"
"Arceus","https://bulbapedia.bulbagarden.net/wiki/Arceus_(Pok%C3%A9mon)","5ea0302992a61b3f33fdd5c3fdad64a8bcc58218369245555cc011955f393559","true"
"Blaziken","https://bulbapedia.bulbagarden.net/wiki/Blaziken_(Pok%C3%A9mon)","1cac3dc5663f74fb12f7a97cb44c6a003151e8e56874b6b4b95b102aaaf9ab2b","true"
"Cramorant","https://bulbapedia.bulbagarden.net/wiki/Cramorant_(Pok%C3%A9mon)","4672f9760dc9b29c6d14f7aa9eb1c5a977ab44d13da0389d7c4f5831df186481","true"
"Falinks","https://bulbapedia.bulbagarden.net/wiki/Falinks_(Pok%C3%A9mon)","1a240719bdd20eca8430cb0f0fa2547b26fde609b62a232525f97db6d4f299cb","true"
"Terapagos","https://bulbapedia.bulbagarden.net/wiki/Terapagos_(Pok%C3%A9mon)","2a059dc6529203418cf4f0bcd2fbf1fc7d4b62a65e5e75eabe0ae12efe2e82cf","true"
"Diancie","https://bulbapedia.bulbagarden.net/wiki/Diancie_(Pok%C3%A9mon)","3a0bc225505e5b09008e2f93373f971be4f4c61752cac0a05eda76a66ba8b232","true"
"Eternatus","https://bulbapedia.bulbagarden.net/wiki/Eternatus_(Pok%C3%A9mon)","44ca160761d618379b53cc6a2268ab3c4d2bfdea053b3bf8660e6bbd793a46eb","true"
"Kyogre","https://bulbapedia.bulbagarden.net/wiki/Kyogre_(Pok%C3%A9mon)","1c3706efd8458271928d5fbd537b31f1efc85881a4258c6469f6ba02db12fea2","true"
"Basculin","https://bulbapedia.bulbagarden.net/wiki/Basculin_(Pok%C3%A9mon)","2fe342f3853eb9e8e62a341a6909fbbd333179c7c1b12c6be7f244597b57d3a8","true"
"Mewtwo","https://bulbapedia.bulbagarden.net/wiki/Mewtwo_(Pok%C3%A9mon)","c3659c6de7ad9315d0402bea021849de290a95c5aa3183c860f39d294984c3c5","true"
"Darumaka","https://bulbapedia.bulbagarden.net/wiki/Darumaka_(Pok%C3%A9mon)","e7494e6d36aa400442b5ee58ab7f6b41da7402217ec779a10bb6058458b31d3d","false"
"Metagross","https://bulbapedia.bulbagarden.net/wiki/Metagross_(Pok%C3%A9mon)","ad135dd9c215fc1d462efbac15942e9d5936a530ac8beba927ae3ccef30d8960","true"
"Necrozma","https://bulbapedia.bulbagarden.net/wiki/Necrozma_(Pok%C3%A9mon)","8802a4320199cf39f70d992e7a8ed75fa8b97d2346573f733479e244eb3aa0c6","true"
"Rotom","https://bulbapedia.bulbagarden.net/wiki/Rotom_(Pok%C3%A9mon)","55b2eb29509e5bbe8f78eb49cf8bc7d6b8a5faaaefa65d2f7b59aa22d6ad714c","true"
"Geodude","https://bulbapedia.bulbagarden.net/wiki/Geodude_(Pok%C3%A9mon)","b6717a24c103a133e91426b9cb098d6e37dac318a2341e16c1d95043ca6ba77a","false"
"Inteleon","https://bulbapedia.bulbagarden.net/wiki/Inteleon_(Pok%C3%A9mon)","6a66c74613c4c1e16e2ee2d7b6c494881d4b0ec902d6279c72e2a3d817ba53cc","true"
"Eevee","https://bulbapedia.bulbagarden.net/wiki/Eevee_(Pok%C3%A9mon)","7b6b20ae424d96a8bb179e97891b8e0ad23dccd6072dff2db44263db23b43266","true"
"Ponyta","https://bulbapedia.bulbagarden.net/wiki/Ponyta_(Pok%C3%A9mon)","d74836e3652403b08bb5ea21d9fd8c3a8dd100bc31d1ebdad100c2679a2ec693","false"
"Linoone","https://bulbapedia.bulbagarden.net/wiki/Linoone_(Pok%C3%A9mon)","44f6155079845e3bd400cd68f739ecd1d91f816a5e3fb7fc6bc64c9c2738ac43","false"
"Camerupt","https://bulbapedia.bulbagarden.net/wiki/Camerupt_(Pok%C3%A9mon)","3d65750827990eb6cfdb361429af711839f067168ef275ed5d83cfb30a322102","true"
"Victreebel","https://bulbapedia.bulbagarden.net/wiki/Victreebel_(Pok%C3%A9mon)","4851b3d612d770d0b85338585f6e9dcaabce30361ab9030c4bfb0f6ca74cdc1a","true"
"Goodra","https://bulbapedia.bulbagarden.net/wiki/Goodra_(Pok%C3%A9mon)","f58e5c6954e9f8a62a5e49497178f4db7c6055ff3b34fa86945ffef613fd8fd0","false"
"Gastrodon","https://bulbapedia.bulbagarden.net/wiki/Gastrodon_(Pok%C3%A9mon)","c3406865330ec647b8cd6424c3a89652d1061e24f12a3c42cff88d4f2ad9529b","true"
"Burmy","https://bulbapedia.bulbagarden.net/wiki/Burmy_(Pok%C3%A9mon)","fa14a2ed079bcc1cb13c0f2cd42b2a3c1334f9e52478daef871088e8e80f52ec","true"
"Castform","https://bulbapedia.bulbagarden.net/wiki/Castform_(Pok%C3%A9mon)","b87d1750462b7cdbefd463b938a23ea0f76e6750fdf2953204ed3fcd424351bc","true"
"Heatran","https://bulbapedia.bulbagarden.net/wiki/Heatran_(Pok%C3%A9mon)","6e1fc14f0240487a9391aeb2a72bd0a8cacfdff8a3d8dc6ded6ad25ab712a408","true"
"Cacturne","https://bulbapedia.bulbagarden.net/wiki/Cacturne_(Pok%C3%A9mon)","0549aa0e5c1adad1f0858e265222402bac0e9c4d0b1f9a43ce1a9793ced6c9e2","false"
"Tangrowth","https://bulbapedia.bulbagarden.net/wiki/Tangrowth_(Pok%C3%A9mon)","5d811ab9b4758877a70c1ab5c820cff368ed9d71aaa5fd15f65bdf5e75a97bc3","false"
"Unown","https://bulbapedia.bulbagarden.net/wiki/Unown_(Pok%C3%A9mon)","4ae7af6f497bf0f00146447b60f304d9913750061689686113f73bf7b8cd6f52","true"
"Lapras","https://bulbapedia.bulbagarden.net/wiki/Lapras_(Pok%C3%A9mon)","9f20514603687cf327c355d767206feb45516d97310652a5f11a217a45737d4c","true"
"Qwilfish","https://bulbapedia.bulbagarden.net/wiki/Qwilfish_(Pok%C3%A9mon)","b6a4fa44262b0f7c96e2eb9888bb7f6dd21c8b8d2f9a07df32cef491765fc9fa","false"
"Sandslash","https://bulbapedia.bulbagarden.net/wiki/Sandslash_(Pok%C3%A9mon)","aea3c395c796964c3715a178b71d8e8a76aeba1e414eee6b3009916862e1ccd6","false"
"Dragalge","https://bulbapedia.bulbagarden.net/wiki/Dragalge_(Pok%C3%A9mon)","0f65b5fdd79bd1e7ddd79ea07ff0a892b0ffc340903e8c4ee9dc8203d7156bfb","true"
"Rhyperior","https://bulbapedia.bulbagarden.net/wiki/Rhyperior_(Pok%C3%A9mon)","c7a25fb24ad39d2e1f80eb3196a923e79d1e3c9962496df25dbd08512ef0d8e4","false"
"Hawlucha","https://bulbapedia.bulbagarden.net/wiki/Hawlucha_(Pok%C3%A9mon)","1cf9d37f9f04e90c492dcbd71269410deea9da37ff8728ef050f03c7cf046f50","true"
"Articuno","https://bulbapedia.bulbagarden.net/wiki/Articuno_(Pok%C3%A9mon)","70406875805008d2a07e2a85841f455cc4658777a0932f4793330168805637c2","false"
"Octillery","https://bulbapedia.bulbagarden.net/wiki/Octillery_(Pok%C3%A9mon)","c183e59cd963a669d433fe2bada913c38b7a89219ac635af623fa2a0f69974bc","false"
"Stunfisk","https://bulbapedia.bulbagarden.net/wiki/Stunfisk_(Pok%C3%A9mon)","c25f7246c123f9ae6e8707b69c84710afd27c868319d9cffb8fd6fff4736bb6e","false"
"Rhydon","https://bulbapedia.bulbagarden.net/wiki/Rhydon_(Pok%C3%A9mon)","7dc55ec2d4fe6854f929b519734a4b1ede1dcfc8170b85cbebed6c2e9d4c45b8","false"
"Murkrow","https://bulbapedia.bulbagarden.net/wiki/Murkrow_(Pok%C3%A9mon)","1550f95008cf50a4850b619fa1b9baaad5e737b9e2286ae366dcd285218b3d45","false"
"Tauros","https://bulbapedia.bulbagarden.net/wiki/Tauros_(Pok%C3%A9mon)","99190cfaa1c5285d7aab4603a1934b8820aef60ed92ac16ef20bc7c7636d6dea","true"
"Nuzleaf","https://bulbapedia.bulbagarden.net/wiki/Nuzleaf_(Pok%C3%A9mon)","5bf8fa8803e1547b2646880a2b875ad398fd8b8e92c9fafedbd2935756bc164f","false"
"Flapple","https://bulbapedia.bulbagarden.net/wiki/Flapple_(Pok%C3%A9mon)","dbe58be6485ca2b13a9d6440aa050c795b5e43f4b76d921e56a993affba86451","true"
"Aggron","https://bulbapedia.bulbagarden.net/wiki/Aggron_(Pok%C3%A9mon)","cbe3caf7c01d0f0a251a856612ce22d5c2367f43916be30291040abdd3c1ea7e","true"
"Salamence","https://bulbapedia.bulbagarden.net/wiki/Salamence_(Pok%C3%A9mon)","1cd66aebb87d1f94f54765f2906befcf4130bf0b06048e635e7032a541c18a24","true"
"Doduo","https://bulbapedia.bulbagarden.net/wiki/Doduo_(Pok%C3%A9mon)","78dddb87cbefc108c9763bf2b229c4bddcce01487ebbb018fd278c9d33a7d82f","false"
"Muk","https://bulbapedia.bulbagarden.net/wiki/Muk_(Pok%C3%A9mon)","1aea44875d8ca901caf0d1124acaa1484ec6829fe58b2ec44f6ad691734a35f2","false"
"Sandshrew","https://bulbapedia.bulbagarden.net/wiki/Sandshrew_(Pok%C3%A9mon)","0875c6c4465af9bb8f8bfdf4c0736e70f5d8535489cd29e1be57b8ce55ce553b","false"
"Ledian","https://bulbapedia.bulbagarden.net/wiki/Ledian_(Pok%C3%A9mon)","d86d3f2f94762a6afa3fbfaf4d08e6652ef234a80c75ef79352444ce580a1fd2","false"
"Golbat","https://bulbapedia.bulbagarden.net/wiki/Golbat_(Pok%C3%A9mon)","a05f2862223aed592a12fced92a7f4c81b6f1625f4e989538886d37b097d5083","false"
"Mawile","https://bulbapedia.bulbagarden.net/wiki/Mawile_(Pok%C3%A9mon)","c36affb6281376c2af2c5e01102451f69535798cb51418ade0ed3032459c0504","true"
"Beedrill","https://bulbapedia.bulbagarden.net/wiki/Beedrill_(Pok%C3%A9mon)","a7997325717e63a1b5f6ee4731e7a6f8169f637d48c66518b363c66c40c41363","true"
"Appletun","https://bulbapedia.bulbagarden.net/wiki/Appletun_(Pok%C3%A9mon)","e950243aeb9ada68404153f93fdeb7b27d9357ee1e30b122c0bd913b9a861307","true"
"Zorua","https://bulbapedia.bulbagarden.net/wiki/Zorua_(Pok%C3%A9mon)","bb9b24ba39b61abed589db8eec10429b8900674bedfb768fc844a9701711829f","false"
"Latias","https://bulbapedia.bulbagarden.net/wiki/Latias_(Pok%C3%A9mon)","552a2876c9858841cee6508de25c1d407e9532268fc9a5f8bae13113cdd0dd74","true"
"Zigzagoon","https://bulbapedia.bulbagarden.net/wiki/Zigzagoon_(Pok%C3%A9mon)","b6aef5edc84b10c0a937a834037e080a09425cfe4b7d429a62c90a48aab82c29","false"
"Centiskorch","https://bulbapedia.bulbagarden.net/wiki/Centiskorch_(Pok%C3%A9mon)","67a17f76788973ec087a8bbc214562f7f085c5baaf1c7aa7f1147ee2c57fd909","true"
"Xatu","https://bulbapedia.bulbagarden.net/wiki/Xatu_(Pok%C3%A9mon)","823d7afc115de54ab6ed43101596833b6280cffdc9dd8cf93c478716dea03f79","false"
"Houndoom","https://bulbapedia.bulbagarden.net/wiki/Houndoom_(Pok%C3%A9mon)","cf01222185f42173696179b02e538609c37eafe2648ed40974cee0f8080c6cb5","true"
"Swalot","https://bulbapedia.bulbagarden.net/wiki/Swalot_(Pok%C3%A9mon)","6fc91875f05f762d2a601caa924d5e116ec5848fcd0314bd6385850a136f01c4","false"
"Corsola","https://bulbapedia.bulbagarden.net/wiki/Corsola_(Pok%C3%A9mon)","8c0b58ad5020cea29fc4912afb4a6f07d6182efd61c80158172e6ac078940ce4","false"
"Scovillain","https://bulbapedia.bulbagarden.net/wiki/Scovillain_(Pok%C3%A9mon)","265994a58469bf435fb0211c8dc69cce13b1801efcb256f9c1d097ff3f884c84","true"
"Cherrim","https://bulbapedia.bulbagarden.net/wiki/Cherrim_(Pok%C3%A9mon)","9ed7710cacc6f65c5d6c063c440250790648e1e3d0180780f6677267554d66a2","true"
"Girafarig","https://bulbapedia.bulbagarden.net/wiki/Girafarig_(Pok%C3%A9mon)","bb3bf425c29f3dff22d9d92433b31dea212fd0da93e10fa2a7674fcb9492d42c","false"
"Minior","https://bulbapedia.bulbagarden.net/wiki/Minior_(Pok%C3%A9mon)","ebe2f59787fe959a59f1c95122b76d82eaa2770e44597c33f7ef7dd04c9f8711","true"
"Farfetch'd","https://bulbapedia.bulbagarden.net/wiki/Farfetch'd_(Pok%C3%A9mon)","e2c1069bad63132717a05baaabac7ba54cdb73a6153c60b21ad1d066992b7e73","false"
"Eiscue","https://bulbapedia.bulbagarden.net/wiki/Eiscue_(Pok%C3%A9mon)","13d98f90068b687f51e1e8be65a1fc708b28ce31e9e820c2c71edfb28ef2ea2f","true"
"Cinderace","https://bulbapedia.bulbagarden.net/wiki/Cinderace_(Pok%C3%A9mon)","9fc63f7e17d2a63546354755c3b7821dbe83fc4944a147bdd25cc680dcf8b967","true"
"Calyrex","https://bulbapedia.bulbagarden.net/wiki/Calyrex_(Pok%C3%A9mon)","d7945a2802b5681a24da5797855cdd127cb84fb7dd7b47561b5c03cbe760f324","true"
"Glalie","https://bulbapedia.bulbagarden.net/wiki/Glalie_(Pok%C3%A9mon)","9df43f481a3f76b905b04dde805f1ba0a2a9da3c6eba837ea477211b05ed14a6","true"
"Weavile","https://bulbapedia.bulbagarden.net/wiki/Weavile_(Pok%C3%A9mon)","b6ac7d50e3ea4729041066e22709e8a6926f633aee8ec6f5a9004478a98685a7","false"
"Bibarel","https://bulbapedia.bulbagarden.net/wiki/Bibarel_(Pok%C3%A9mon)","541cf85bc51dfdff706a4f532a56862c0eae3b34f2c43631bf2ee2ad2b82f4b6","false"
"Roserade","https://bulbapedia.bulbagarden.net/wiki/Roserade_(Pok%C3%A9mon)","d4de9df6ec284583cc9e6e3911f5580bf7eaa7b29ebcc52bcb0ffd6dbb83f8ad","false"
"Hypno","https://bulbapedia.bulbagarden.net/wiki/Hypno_(Pok%C3%A9mon)","efdb8b701b3f3998541f667b82211520005f3d7f769988f4d8e16f030b2dd9f2","false"
"Thundurus","https://bulbapedia.bulbagarden.net/wiki/Thundurus_(Pok%C3%A9mon)","129750c276b92d5f2122f92ade8010e2ed094d6d3cdb353afe4d9e57afea01e9","true"
"Jellicent","https://bulbapedia.bulbagarden.net/wiki/Jellicent_(Pok%C3%A9mon)","5e4ab83c5d027fff23fa26db5cbe954a61966f622bea773a7b3fadffbe0f40b1","false"
"Sudowoodo","https://bulbapedia.bulbagarden.net/wiki/Sudowoodo_(Pok%C3%A9mon)","1fb9f242bc2cd8bf8eaf6efaeaf87257492e5e6f022eeb817acfe01b275dc1ee","false"
"Zubat","https://bulbapedia.bulbagarden.net/wiki/Zubat_(Pok%C3%A9mon)","ca6baf417ad48946f150ad14fd3114f680ae35cc03bc160b7d3547010778de07","false"
"Manectric","https://bulbapedia.bulbagarden.net/wiki/Manectric_(Pok%C3%A9mon)","a553df06f1bad26b9363c04167be8bc6315f13e0d4401ade4469f192f711c265","true"
"Quagsire","https://bulbapedia.bulbagarden.net/wiki/Quagsire_(Pok%C3%A9mon)","954eecb989bf52afa4571d9c9a420492cf57eed47ae0dfef9fe6098282819d41","false"
"Snover","https://bulbapedia.bulbagarden.net/wiki/Snover_(Pok%C3%A9mon)","566ad124af9ba5c5ef118eb61953f6240c781ac62e5d21c9166e101c6666d657","false"
"Palkia","https://bulbapedia.bulbagarden.net/wiki/Palkia_(Pok%C3%A9mon)","fb7ac8660e07c1bb2dd7524dfd1606ca49d7eb2b45674841dcd01e6444106319","true"
"Chandelure","https://bulbapedia.bulbagarden.net/wiki/Chandelure_(Pok%C3%A9mon)","866434e878aa4faba62bd751570b9e450620fde17545895dc12cb38847ee593c","true"
"Latios","https://bulbapedia.bulbagarden.net/wiki/Latios_(Pok%C3%A9mon)","bfe55aadb1b252acede1e15d774fbb21bc6f68d6a0f58c474aef927126807940","true"
"Basculegion","https://bulbapedia.bulbagarden.net/wiki/Basculegion_(Pok%C3%A9mon)","52cfa445799e49cdfe48a433ce26d28ab6f405986cf8d056aff71873b8a909ee","false"
"Clefable","https://bulbapedia.bulbagarden.net/wiki/Clefable_(Pok%C3%A9mon)","6cc71b3739c8554179a8618e7d6f70bda144b813d07fa7f6d2765dcd85cb9c54","true"
"Zygarde","https://bulbapedia.bulbagarden.net/wiki/Zygarde_(Pok%C3%A9mon)","ebbd5018d7701fd7c9dde19c893f1dc9270cf94e862fbdd53577c5e14b918fd9","true"
"Groudon","https://bulbapedia.bulbagarden.net/wiki/Groudon_(Pok%C3%A9mon)","d7673a4e6b1b38bfebe4d22647994da0e7af42de7ce398ff9aaba052f09a1b64","true"
"Venusaur","https://bulbapedia.bulbagarden.net/wiki/Venusaur_(Pok%C3%A9mon)","bfbc660ca531036c266147716e59a8ca7396a6774a241e18c0721493bf2dfc3a","true"
"Pyroar","https://bulbapedia.bulbagarden.net/wiki/Pyroar_(Pok%C3%A9mon)","d6a8de954f4399aa5447791a6b54b62c609908f027a1bd7ee7799bc8d5201aaa","true"
"Ambipom","https://bulbapedia.bulbagarden.net/wiki/Ambipom_(Pok%C3%A9mon)","311efa5be50eb4c6c1e4233649057e9ddaba703c9b22f75e8cbeb25df2f31812","false"
"Banette","https://bulbapedia.bulbagarden.net/wiki/Banette_(Pok%C3%A9mon)","58a2da6af91658bc5500096c9b6f4266fdd1355f65421c1e380e89a7365b854c","true"
"Meganium","https://bulbapedia.bulbagarden.net/wiki/Meganium_(Pok%C3%A9mon)","5778aac175d313fe3a0ce7e1c2865a4596ec6d58754d0708ec4439ee100b0028","true"
"Ursaring","https://bulbapedia.bulbagarden.net/wiki/Ursaring_(Pok%C3%A9mon)","350367e32b1c903ef885311012f4533b6e153b56fa7942f1f49daf67608fb7ff","false"
"Golisopod","https://bulbapedia.bulbagarden.net/wiki/Golisopod_(Pok%C3%A9mon)","400f8cd85d66c552e39c201719df30067a0fdb1d4f17175a23bb0c7e95a6307f","true"
"Snorlax","https://bulbapedia.bulbagarden.net/wiki/Snorlax_(Pok%C3%A9mon)","19e2032bdf1d1114e6ba14add353e75242984d550e7274f934bd196d59c1ace7","true"
"Enamorus","https://bulbapedia.bulbagarden.net/wiki/Enamorus_(Pok%C3%A9mon)","c19c830749b1e5f9400b945f6854610a653280151770832dc76d0d0e09519b2d","true"
"Aegislash","https://bulbapedia.bulbagarden.net/wiki/Aegislash_(Pok%C3%A9mon)","ff35dcf5b76fbfbe4e1910d5b5b87b0d5fbd062d86efd41f38cd1fb519133fb3","true"
"Gimmighoul","https://bulbapedia.bulbagarden.net/wiki/Gimmighoul_(Pok%C3%A9mon)","33f8a8c18c8ee3a66e411303f22b48523671d3e313f3bd29c8d35dfa5f598e82","true"
"Swampert","https://bulbapedia.bulbagarden.net/wiki/Swampert_(Pok%C3%A9mon)","c1095e789b664a2b4aafe5fefc7a8bade306bbdfb0c121e7648f07b7651f3e66","true"
"Keldeo","https://bulbapedia.bulbagarden.net/wiki/Keldeo_(Pok%C3%A9mon)","49e200ed5cf9be4f7bfde5ffe5cb8aa517cbad4bfbf65fbe10290b925ea47aa2","true"
"Raichu","https://bulbapedia.bulbagarden.net/wiki/Raichu_(Pok%C3%A9mon)","371ec8aff41c2cb8992cc3c39666661991a3e24028f3abbf8489654000113562","true"
"Mr. Mime","https://bulbapedia.bulbagarden.net/wiki/Mr._Mime_(Pok%C3%A9mon)","57567bebd02d1836b2a072f740dba188d50cfd0958df65d34546cec61a62dc3d","false"
"Lopunny","https://bulbapedia.bulbagarden.net/wiki/Lopunny_(Pok%C3%A9mon)","bd8f9d4a02b4d0f529ccce524cc5b20e482abfc09df1eb345f037c75db336dcc","true"
"Deerling","https://bulbapedia.bulbagarden.net/wiki/Deerling_(Pok%C3%A9mon)","65db51820d1a617eba2ca5cfa7d49f8f96e7d3a9996a2f720b3829e7c0c837ba","true"
"Audino","https://bulbapedia.bulbagarden.net/wiki/Audino_(Pok%C3%A9mon)","b82f29206cb1eee7fe13270ff35f87373a5cc48f159f5e61e600865052af9c52","true"
"Sinistcha","https://bulbapedia.bulbagarden.net/wiki/Sinistcha_(Pok%C3%A9mon)","168a8f167325a4f523a0606f7bdb5ac5bf3f170a3056c91a812cb28ba69dd027","true"
"Gengar","https://bulbapedia.bulbagarden.net/wiki/Gengar_(Pok%C3%A9mon)","3b637b7d7143683bd6a9f5c9903151c095a2312b9a7878eaf63a544fe35064a9","true"
"Gloom","https://bulbapedia.bulbagarden.net/wiki/Gloom_(Pok%C3%A9mon)","67b23cd16769473aaa49d248e54801c3daf8f52b3762cd8eaf6edcad4dd13fd0","false"
"Zeraora","https://bulbapedia.bulbagarden.net/wiki/Zeraora_(Pok%C3%A9mon)","2d54ef550960b02d69b89f14b0749db7d79e1d2900b489d9cfe002e1ecb816d0","true"
"Combee","https://bulbapedia.bulbagarden.net/wiki/Combee_(Pok%C3%A9mon)","680cdae7dee7302c68382c7600428c2f4d533034b7baca5d47abc12e1c20f11b","false"
"Typhlosion","https://bulbapedia.bulbagarden.net/wiki/Typhlosion_(Pok%C3%A9mon)","d099937849b1be5e1e08a90460b72ae5ec73413639541ce40f0d0136219ce276","false"
"Golurk","https://bulbapedia.bulbagarden.net/wiki/Golurk_(Pok%C3%A9mon)","77780f4c020b3da5c5cd95f9ca72dfb93c049b125f8cef4a39349de20564865a","true"
"Emboar","https://bulbapedia.bulbagarden.net/wiki/Emboar_(Pok%C3%A9mon)","942269e1224858c4a3b361687fa5337af92abadf5694d336a721cc61c62f0d9a","true"
"Scizor","https://bulbapedia.bulbagarden.net/wiki/Scizor_(Pok%C3%A9mon)","0b0d7219049a5d10091983c029853f1171eb840e2db09c04fc265b5d60de63f4","true"
"Voltorb","https://bulbapedia.bulbagarden.net/wiki/Voltorb_(Pok%C3%A9mon)","d1e026f8839154d14dfcf33f5a4383cf325b62c61bcc61b4a165980088501c35","false"
"Kricketot","https://bulbapedia.bulbagarden.net/wiki/Kricketot_(Pok%C3%A9mon)","21b60037ae7d89c106148b87f97832674851a3d9c89979fe12bf5eb8bca8b15f","false"
"Grimer","https://bulbapedia.bulbagarden.net/wiki/Grimer_(Pok%C3%A9mon)","f1b2a49f60b871d981bf4a6e04895bbd5b0d8a62ae4d7f0e96459acc6a8096d0","false"
"Zacian","https://bulbapedia.bulbagarden.net/wiki/Zacian_(Pok%C3%A9mon)","1067644b550d170c4087b3a537ee48395d543c2e5bb31e09452d54f8cfe905a0","true"
"Luxio","https://bulbapedia.bulbagarden.net/wiki/Luxio_(Pok%C3%A9mon)","60aa71e15b292be4b19a46fce0931a88580583a6477a8dc10237dbf6ec740569","false"
"Lycanroc","https://bulbapedia.bulbagarden.net/wiki/Lycanroc_(Pok%C3%A9mon)","78f1540878a9421887c543f263525d0c5e38b0941618b3c6d02142ba27ad44b5","true"
"Decidueye","https://bulbapedia.bulbagarden.net/wiki/Decidueye_(Pok%C3%A9mon)","f3c722381eedaa351ac5cd89cd55c260e702184c14a5b733e4eb854d856d5d04","false"
"Staravia","https://bulbapedia.bulbagarden.net/wiki/Staravia_(Pok%C3%A9mon)","ec5b250b6ca1d11c6da54b570c7ef29865018f6a3a595fec3c7f70c336122f7d","false"
"Electrode","https://bulbapedia.bulbagarden.net/wiki/Electrode_(Pok%C3%A9mon)","d776abe65aa631459bd49a41b4d32fa4037ad44f49a85c34b63b49297b3885f6","false"
"Blastoise","https://bulbapedia.bulbagarden.net/wiki/Blastoise_(Pok%C3%A9mon)","75d907a085a4c39b6bd0e228fade80ff806790139d26ff6c7715efda257f49a1","true"
"Scolipede","https://bulbapedia.bulbagarden.net/wiki/Scolipede_(Pok%C3%A9mon)","78f50b9d010290f69b0fc88c95fbcd1ee61d546e76b6495b7c8b3e2991bb98af","true"
"Crabominable","https://bulbapedia.bulbagarden.net/wiki/Crabominable_(Pok%C3%A9mon)","933c0ad2659ed746b85dcb52a00fe2700efa6df7d3d32c759d78ae24f07e4279","true"
"Urshifu","https://bulbapedia.bulbagarden.net/wiki/Urshifu_(Pok%C3%A9mon)","30e40c4ebe51bc15d70fe49b85456f64c81930681f5f75095e57232fad4ca0a6","true"
"Seaking","https://bulbapedia.bulbagarden.net/wiki/Seaking_(Pok%C3%A9mon)","f92a1e5050080f044c2d9501ac9d3e6048725030954b4f79234fefe4f4eef2da","false"
"Lumineon","https://bulbapedia.bulbagarden.net/wiki/Lumineon_(Pok%C3%A9mon)","fdcab85292df0a464ca6ace532217e1806dc70da3236494694bf74e4bcba0f57","false"
"Ledyba","https://bulbapedia.bulbagarden.net/wiki/Ledyba_(Pok%C3%A9mon)","bb8c601709e63576a836320c135ae1725d405f9cfb138d43243042240f4e4fc1","false"
"Shiftry","https://bulbapedia.bulbagarden.net/wiki/Shiftry_(Pok%C3%A9mon)","eb70584638359968dcb8354001186342748123961cdcb4bf99111ec941e3f4ab","false"
"Wooper","https://bulbapedia.bulbagarden.net/wiki/Wooper_(Pok%C3%A9mon)","c40acc3e0b4e6d94a683cf2e6ff11fc02db886ff4e58a529cd62a24ca4e69fa8","false"
"Unfezant","https://bulbapedia.bulbagarden.net/wiki/Unfezant_(Pok%C3%A9mon)","0b70f6fa9db40a5dd9d2b1f76103fee55f29d3bf351cadaafaf6d29ec8f6b913","false"
"Zamazenta","https://bulbapedia.bulbagarden.net/wiki/Zamazenta_(Pok%C3%A9mon)","96491a8156de2ed84f133b7e7c67ee533ed7a435011ef4237335dc8350155dc8","true"
"Lucario","https://bulbapedia.bulbagarden.net/wiki/Lucario_(Pok%C3%A9mon)","9a4cbb8e73234e80584c8546f326e34ed9313427248e709c8ad70d5b13b08139","true"
"Garbodor","https://bulbapedia.bulbagarden.net/wiki/Garbodor_(Pok%C3%A9mon)","989625a94d73bd90f1f97e849e6b76632603a8916b866045ce1db94cf536825d","true"
"Giratina","https://bulbapedia.bulbagarden.net/wiki/Giratina_(Pok%C3%A9mon)","0bed28368b59d4ec96150fd42205b6336f72c576a6311b71f254dc16cdc2a2bc","true"
"Garchomp","https://bulbapedia.bulbagarden.net/wiki/Garchomp_(Pok%C3%A9mon)","d9ab19dcc7d4851035bbbf486484c055ea64f83188a1dea5b6a2ebd2d23e74ab","true"
"Copperajah","https://bulbapedia.bulbagarden.net/wiki/Copperajah_(Pok%C3%A9mon)","db3ee38e9ab9b94ec7d1387f89d34612f47bc2f6350d9fa689557b8d4eba866a","true"
"Chesnaught","https://bulbapedia.bulbagarden.net/wiki/Chesnaught_(Pok%C3%A9mon)","83182f0d5b12ec06010751b33341ff6a2bfacc41dd9062184034a2ada9749dab","true"
"Combusken","https://bulbapedia.bulbagarden.net/wiki/Combusken_(Pok%C3%A9mon)","bfd78cd4377ce35af3bec8a0109a8f2dba36224ae0c9ba4fd6c97e87b685533c","false"
"Squawkabilly","https://bulbapedia.bulbagarden.net/wiki/Squawkabilly_(Pok%C3%A9mon)","2a810794f48158c07bc21f72ec025c3ec79d59fcfeef65c5e186deae23598e4c","true"
"Samurott","https://bulbapedia.bulbagarden.net/wiki/Samurott_(Pok%C3%A9mon)","14ca67c55de1ddf5c374cd544c3ff333897669926a53f42dd900383abbb6a38a","false"
"Vileplume","https://bulbapedia.bulbagarden.net/wiki/Vileplume_(Pok%C3%A9mon)","445cdb61f9fee3cd7e94ce0c4d6d669332344f196278ed59a9ab0b69f4361fc9","false"
"Rhyhorn","https://bulbapedia.bulbagarden.net/wiki/Rhyhorn_(Pok%C3%A9mon)","09f781eb4b659a84f2a3606f7df716a8b2ff2b5459ec96736350359eed98f57e","false"
"Sawsbuck","https://bulbapedia.bulbagarden.net/wiki/Sawsbuck_(Pok%C3%A9mon)","e1ac01c2f5d1569ad202b23c9e158da6e0171d76eba805043204da715176687c","true"
"Kadabra","https://bulbapedia.bulbagarden.net/wiki/Kadabra_(Pok%C3%A9mon)","cc8830861b0120e2aa5c32181a7c0a52b812c27f7172c13e7f1f89a662486c8c","false"
"Aipom","https://bulbapedia.bulbagarden.net/wiki/Aipom_(Pok%C3%A9mon)","ea824d366e3916bd958546de9a082098199e51664f05bfbca0630e317ee6b9fa","false"
"Medicham","https://bulbapedia.bulbagarden.net/wiki/Medicham_(Pok%C3%A9mon)","1d92a0fe5a147bdd35829309ad98c42d7116be4eee166484d21c40a01eaa0c38","true"
"Charizard","https://bulbapedia.bulbagarden.net/wiki/Charizard_(Pok%C3%A9mon)","1fc2042b3b442993ce323fed64834116deefe19e7fd05f0f3b6fd814e3ebc46c","true"
"Meowstic","https://bulbapedia.bulbagarden.net/wiki/Meowstic_(Pok%C3%A9mon)","b15f42ac4fa51d5d60a05b583f123a6badec010d76872d8c0a0fa286e7d18e4d","true"
"Genesect","https://bulbapedia.bulbagarden.net/wiki/Genesect_(Pok%C3%A9mon)","2d276e23bffce67da82321c4d6f19e48d9f5933eb2b512f2619b8810fa52959e","true"
"Sliggoo","https://bulbapedia.bulbagarden.net/wiki/Sliggoo_(Pok%C3%A9mon)","3cbb87dfc5f308f2f9da47ff86f86d0896fb009d334780c4b60339a1610f781d","false"
"Gardevoir","https://bulbapedia.bulbagarden.net/wiki/Gardevoir_(Pok%C3%A9mon)","d888a7e4e757857d03e15cf2663af872ec35d62848d42f66fee098523bbaa023","true"
"Wobbuffet","https://bulbapedia.bulbagarden.net/wiki/Wobbuffet_(Pok%C3%A9mon)","73bbe6747ff6dde18d8d2a6d262b847af63c3c1174159959ef2395d2475ff444","false"
"Zoroark","https://bulbapedia.bulbagarden.net/wiki/Zoroark_(Pok%C3%A9mon)","a4c7e64d8313c0f5741e8a40074de54402d8ace4e571820b5b522d9664e727ed","false"
"Starmie","https://bulbapedia.bulbagarden.net/wiki/Starmie_(Pok%C3%A9mon)","545cb101fad43de2c4539c7fd09a67b33ac726fa8a70dbab7e99d0a0f92e1091","true"
"Slowking","https://bulbapedia.bulbagarden.net/wiki/Slowking_(Pok%C3%A9mon)","6d17a12a08580773011998598c4913f46817832f0ee90af1226a9d51adc8ceaa","false"
"Dragonite","https://bulbapedia.bulbagarden.net/wiki/Dragonite_(Pok%C3%A9mon)","371014a881d7cdb33daeb4f3faf055699c42e5a84ff2965319286cb7b81d54eb","true"
"Braviary","https://bulbapedia.bulbagarden.net/wiki/Braviary_(Pok%C3%A9mon)","459c44ad161fac69512b5276502ce2996f812aa67c608b254fc402ec75bbf286","false"
"Milotic","https://bulbapedia.bulbagarden.net/wiki/Milotic_(Pok%C3%A9mon)","2dc6111af08d6ec96f55c9303b0a51ebed0b2d89b0d8251ae8196896ab2525a8","false"
"Pumpkaboo","https://bulbapedia.bulbagarden.net/wiki/Pumpkaboo_(Pok%C3%A9mon)","155e7f5fbd3fa3d32a2be4182b8a524d25d2066867bd2b9e4d5c918d87abaafe","true"
"Excadrill","https://bulbapedia.bulbagarden.net/wiki/Excadrill_(Pok%C3%A9mon)","bcca3b57e6f3178107415ccbd40ca61733796e4d9c2b55e4e408570b6ffbfa81","true"
"Sceptile","https://bulbapedia.bulbagarden.net/wiki/Sceptile_(Pok%C3%A9mon)","538f8bab1cbc7bcfeb9c2348e89d091f1c826c27d97fbe72019115b3aa5185bf","true"
"Pidgeot","https://bulbapedia.bulbagarden.net/wiki/Pidgeot_(Pok%C3%A9mon)","43958111f50a64a72a18ab85a09fb2e9cba3199022a241d73dcdc03f78f1f29a","true"
"Scrafty","https://bulbapedia.bulbagarden.net/wiki/Scrafty_(Pok%C3%A9mon)","91ea64b6577385e26ea6ce2e8be87ee685684c58ac0844fcf1fe5b0072f17b30","true"
"Moltres","https://bulbapedia.bulbagarden.net/wiki/Moltres_(Pok%C3%A9mon)","9cd8af8887f96972dba2791a939ae3a2a190df62a53d16d93ff34d3a6fefd15f","false"
"Tornadus","https://bulbapedia.bulbagarden.net/wiki/Tornadus_(Pok%C3%A9mon)","333ff760466430da89fc41e12972fdca1ea4fcb9bbef2a4d1bf40db7107afa67","true"
"Dugtrio","https://bulbapedia.bulbagarden.net/wiki/Dugtrio_(Pok%C3%A9mon)","bac52f8e0129e31ba01b163b8a5b3002d943105365a7c1ae2cc9c00235f6625d","false"
"Grimmsnarl","https://bulbapedia.bulbagarden.net/wiki/Grimmsnarl_(Pok%C3%A9mon)","7e86acea8707b7a9fda317a1d9cc722377295d5d592b6ea2dc87bcb4a9242c9e","true"
"Sableye","https://bulbapedia.bulbagarden.net/wiki/Sableye_(Pok%C3%A9mon)","42638f931ad1a65d2da8c5cf537b14af6b69ccd8c185163089838c73905ca5c8","true"
"Drampa","https://bulbapedia.bulbagarden.net/wiki/Drampa_(Pok%C3%A9mon)","2c8aee394ec19aa6f1801a15f0eaeb82ec4a4e636895255b8e2b44b195992384","true"
"Ludicolo","https://bulbapedia.bulbagarden.net/wiki/Ludicolo_(Pok%C3%A9mon)","f591201cf741917b49a7e02cfb8b395a0a789eaae626c42f3727d91858b942d3","false"
"Aerodactyl","https://bulbapedia.bulbagarden.net/wiki/Aerodactyl_(Pok%C3%A9mon)","b77e6a5310eaeb5a719830983b4a685c6db62a9082604e238c1bf738a0f4eedb","true"
"Shinx","https://bulbapedia.bulbagarden.net/wiki/Shinx_(Pok%C3%A9mon)","fa50438dd052b2d98c79274ff14002a73b35618eff55d88997a419680ae48887","false"
"Shaymin","https://bulbapedia.bulbagarden.net/wiki/Shaymin_(Pok%C3%A9mon)","7600a92ac89c25f1e671347fe785cf7a19be99b04b2089f7ead67f57e784a8d7","true"
"Meditite","https://bulbapedia.bulbagarden.net/wiki/Meditite_(Pok%C3%A9mon)","80c8a93db48aeb90ebfb69705ed9da5461166387aef67b279dea12c0df5582e0","false"
"Landorus","https://bulbapedia.bulbagarden.net/wiki/Landorus_(Pok%C3%A9mon)","28861330fbf7b040d4e8ae2cbc1bfc5d4c2d49e24509ac0e6b96840d488e969d","true"
"Hippowdon","https://bulbapedia.bulbagarden.net/wiki/Hippowdon_(Pok%C3%A9mon)","25c8839bfcaa4507ae92d4b49322dc5d711658679857b45124342a1a0063bf91","false"
"Tyranitar","https://bulbapedia.bulbagarden.net/wiki/Tyranitar_(Pok%C3%A9mon)","7a8d2806032cb5b5d2de88a8ff95f2e3c52f30343a716884cc8aa7cc7f1fc8e5","true"
"Gyarados","https://bulbapedia.bulbagarden.net/wiki/Gyarados_(Pok%C3%A9mon)","7e7fa132ca197f8f419b63648e0ef18485edc7cb886689355d27e0aea5202cc3","true"
"Furfrou","https://bulbapedia.bulbagarden.net/wiki/Furfrou_(Pok%C3%A9mon)","f3fa143d639888d12ed24a0f2e4be07bb08cd910d2167df8c597d197d508cc80","true"
"Malamar","https://bulbapedia.bulbagarden.net/wiki/Malamar_(Pok%C3%A9mon)","76e256db97836183e66529b4cf70aabd0612c4e404b84f5da9d5d3724956d4c9","true"
"Sharpedo","https://bulbapedia.bulbagarden.net/wiki/Sharpedo_(Pok%C3%A9mon)","7162ed13f333f77b903e20d3b1b5027f5e9586277edd9eca705e0a200cd55d0b","true"
"Toxtricity","https://bulbapedia.bulbagarden.net/wiki/Toxtricity_(Pok%C3%A9mon)","c4210ac9b17d053eb4143a8bfd955b6cad75236ba0d50d8ce60ad63d544e40cb","true"
"Duraludon","https://bulbapedia.bulbagarden.net/wiki/Duraludon_(Pok%C3%A9mon)","f567fe03eb0a94cfd2d093f96b7a6eb12006f8492daac6c20cd276fd0a4f8b6d","true"
"Coalossal","https://bulbapedia.bulbagarden.net/wiki/Coalossal_(Pok%C3%A9mon)","9c6478434ce902e70cc006b4af8e7091b4f910eeb7558cd00a9a6b687349fa18","true"
"Alakazam","https://bulbapedia.bulbagarden.net/wiki/Alakazam_(Pok%C3%A9mon)","ce74ca6e6f1f61db4a5bbf02c46e9995fcb2118264e5657d9fc3548439bb1621","true"
"Rillaboom","https://bulbapedia.bulbagarden.net/wiki/Rillaboom_(Pok%C3%A9mon)","1fcb167178d8191b4da62c53946b6c049947a62166f2c3a370224c5abc5c3a79","true"
"Dustox","https://bulbapedia.bulbagarden.net/wiki/Dustox_(Pok%C3%A9mon)","72b643b07b6913f66e13810930a797491f97bc1c185133e8ce5ded68eb7158f4","false"
"Bidoof","https://bulbapedia.bulbagarden.net/wiki/Bidoof_(Pok%C3%A9mon)","161066bbae1b740276b4df5884a4e250190a5d7bb12594767e5bd802ee5d5125","false"
"Floette","https://bulbapedia.bulbagarden.net/wiki/Floette_(Pok%C3%A9mon)","b9f811ada4303c65ab86b329381fb407d14b8dbb9afbc98c1146b96470be43cf","true"
"Gible","https://bulbapedia.bulbagarden.net/wiki/Gible_(Pok%C3%A9mon)","a3964bf0a0d78b381e32af197cd22b923180a8b7d95ddf160c945ed9d17791ec","false"
"Persian","https://bulbapedia.bulbagarden.net/wiki/Persian_(Pok%C3%A9mon)","d3ae0d672f69cb269e03ce47b3553a37bd21bda2376f3180a14f08cc206a6f87","false"
"Floatzel","https://bulbapedia.bulbagarden.net/wiki/Floatzel_(Pok%C3%A9mon)","0e2b40498a914518b8d5716de8ff533c83f1e1985426a3b009ea6cc7b5dc854a","false"
"Zarude","https://bulbapedia.bulbagarden.net/wiki/Zarude_(Pok%C3%A9mon)","3bc87914285b99264ccc008048c5cd3aa5f0852bb065181cc798821c8ae1629a","true"
"Frillish","https://bulbapedia.bulbagarden.net/wiki/Frillish_(Pok%C3%A9mon)","c26b3d9116d203e823cdf618b9eff259ea7ab9f0fcc89d706889eaf7099933da","false"
"Avalugg","https://bulbapedia.bulbagarden.net/wiki/Avalugg_(Pok%C3%A9mon)","16beae399877adc6fd3670c36d64049eecaf71ca39f476f7ca2aa081e7bc4657","false"
"Indeedee","https://bulbapedia.bulbagarden.net/wiki/Indeedee_(Pok%C3%A9mon)","68e9bc958b999c8e2d7e38c8ac3566f726b89b1b762d4167b1accd218a7122b6","false"
"Diglett","https://bulbapedia.bulbagarden.net/wiki/Diglett_(Pok%C3%A9mon)","4b7809a6f61cfcc06d5a05b5d65369b7a7208f58d918b9e17ed5d034568e9e5a","false"
"Sinistea","https://bulbapedia.bulbagarden.net/wiki/Sinistea_(Pok%C3%A9mon)","a34af50e5816b043021e9d3b8476daabb1f451bd07d6948997cc5b06c3097e05","true"
"Piloswine","https://bulbapedia.bulbagarden.net/wiki/Piloswine_(Pok%C3%A9mon)","6af875ac699dd3ab2c9d178c6ce036f4de0350ac817aff60e75601b6f1110d5c","false"
"Croagunk","https://bulbapedia.bulbagarden.net/wiki/Croagunk_(Pok%C3%A9mon)","dabfd8e71139ca28ca4d5a319c10f9f6d6555b462b975fcbcd7c12ddc4bb4496","false"
"Ursaluna","https://bulbapedia.bulbagarden.net/wiki/Ursaluna_(Pok%C3%A9mon)","029fea140df8ac237ecf2271172c536631281f6c277c35dc39d0e888f802e8c7","true"
"Maushold","https://bulbapedia.bulbagarden.net/wiki/Maushold_(Pok%C3%A9mon)","81d3825c21e01a4d1b51aea72dfdec7b414d661ac3e775b441bdcd83c57b1edb","true"
"Froslass","https://bulbapedia.bulbagarden.net/wiki/Froslass_(Pok%C3%A9mon)","c72bdd1463129391cc5e0ef9917af32e2f62434cee1055692b452dce92c92987","true"
"Finneon","https://bulbapedia.bulbagarden.net/wiki/Finneon_(Pok%C3%A9mon)","066641a94002fd58ae31d073eb8d79679d17c4644f03a0158be9c745198cc428","false"
"Wormadam","https://bulbapedia.bulbagarden.net/wiki/Wormadam_(Pok%C3%A9mon)","9dac276df91586e133e2c243722d264644c69e69dff0a45103a1c2dccb1b86fc","true"
"Numel","https://bulbapedia.bulbagarden.net/wiki/Numel_(Pok%C3%A9mon)","7699fc80249786890be3ad3d78c743a9a71c219a4cea58ec68e6564dbd0324c2","false"
"Politoed","https://bulbapedia.bulbagarden.net/wiki/Politoed_(Pok%C3%A9mon)","fa3630264f9bc03d78b751fc5336c59a2af887407f5a544caaa7e1a2c7995944","false"
"Zapdos","https://bulbapedia.bulbagarden.net/wiki/Zapdos_(Pok%C3%A9mon)","5f209977807376d916835aa24d275398527414ccdfe5b29b0dd48fc8128f77e7","false"
"Buizel","https://bulbapedia.bulbagarden.net/wiki/Buizel_(Pok%C3%A9mon)","d13107fa79c5c90efef484fd905502b0a6ee7c2df5f4f95159be39b62e100bbd","false"
"Deoxys","https://bulbapedia.bulbagarden.net/wiki/Deoxys_(Pok%C3%A9mon)","1e4b9ab1131b53c38c433b806ed124084fed7400ffae90fdc0dd26bde965a7c1","true"
"Vivillon","https://bulbapedia.bulbagarden.net/wiki/Vivillon_(Pok%C3%A9mon)","57bd9da5333a592e5ac59a353554730774c985ba161f2728361465afc1993488","true"
"Ogerpon","https://bulbapedia.bulbagarden.net/wiki/Ogerpon_(Pok%C3%A9mon)","1c61c7d0fb86d4c2ac8ef61ae73d19a2d918283f88701407b965ac097e6a2acd","true"
"Flabébé","https://bulbapedia.bulbagarden.net/wiki/Flab%C3%A9b%C3%A9_(Pok%C3%A9mon)","78e202c97a06e6285120379153abdb4dc56e94dd275c8636f08e66e6fd8a03e8","true"
"Morpeko","https://bulbapedia.bulbagarden.net/wiki/Morpeko_(Pok%C3%A9mon)","b89c85d330c2864c62ef8252ae1abce09d441ec38bbf5d7653f8ba9a0082d1c7","true"
"Toxicroak","https://bulbapedia.bulbagarden.net/wiki/Toxicroak_(Pok%C3%A9mon)","b17936c29069ce7bad55dcb1a77040eab4c2e31e97677ff0461dbff57e2c2fa2","false"
"Barbaracle","https://bulbapedia.bulbagarden.net/wiki/Barbaracle_(Pok%C3%A9mon)","becc0d4b57b2af21b11d78a909417f29a53546c6ff69c4ad5d957f955f3f1240","true"
"Goldeen","https://bulbapedia.bulbagarden.net/wiki/Goldeen_(Pok%C3%A9mon)","0f82bb024cfc223d6e99975bc71118a5cdb61200461a3e6e060178a5281dff0a","false"
"Sandaconda","https://bulbapedia.bulbagarden.net/wiki/Sandaconda_(Pok%C3%A9mon)","944d5531cd2c7f89087610282b30dbad834be8d2a35fd5cd58c44a598829f910","true"
"Kingler","https://bulbapedia.bulbagarden.net/wiki/Kingler_(Pok%C3%A9mon)","a188ac537479d0bcfd8f4aaaa6e2e4c7832bd2992ede6ef4b57e3e5a49016ff4","true"
"Marowak","https://bulbapedia.bulbagarden.net/wiki/Marowak_(Pok%C3%A9mon)","d30260b9c436ec7a45b6a23da199f51586565433ad346b2b5ffae1e13a8cf986","false"
"Relicanth","https://bulbapedia.bulbagarden.net/wiki/Relicanth_(Pok%C3%A9mon)","c19c1de5d05d26f7561ab41b5742b035b49917b6552ac96db1d579ebf0172993","false"
"Gourgeist","https://bulbapedia.bulbagarden.net/wiki/Gourgeist_(Pok%C3%A9mon)","f8a3d2a0ef834692676f4c3fa68cab4132d8f2c10a1f7c0f0ef7386c997c583a","true"
"Shellos","https://bulbapedia.bulbagarden.net/wiki/Shellos_(Pok%C3%A9mon)","271d75cc6e907f474ca221286513b61f1671fad944b8dc4f796015ea2c9f68f3","true"
"Raticate","https://bulbapedia.bulbagarden.net/wiki/Raticate_(Pok%C3%A9mon)","d223f632fe93575124f652721c32f21bbaed487c8c9077e07dca3395d14d6098","false"
